[{"model": "admin.logentry", "pk": 1, "fields": {"action_time": "2021-03-25T16:39:36.489Z", "user": 1, "content_type": 8, "object_id": "1", "object_repr": "/about/ -- About", "action_flag": 1, "change_message": "[{\"added\": {}}]"}}, {"model": "admin.logentry", "pk": 2, "fields": {"action_time": "2021-03-25T16:40:41.036Z", "user": 1, "content_type": 8, "object_id": "2", "object_repr": "/contact/ -- Контакты", "action_flag": 1, "change_message": "[{\"added\": {}}]"}}, {"model": "admin.logentry", "pk": 3, "fields": {"action_time": "2021-03-26T09:27:28.401Z", "user": 1, "content_type": 8, "object_id": "2", "object_repr": "/contacts/ -- Контакты", "action_flag": 2, "change_message": "[{\"changed\": {\"fields\": [\"URL\"]}}]"}}, {"model": "admin.logentry", "pk": 4, "fields": {"action_time": "2021-03-26T10:40:14.086Z", "user": 1, "content_type": 8, "object_id": "1", "object_repr": "/pages/about/ -- About", "action_flag": 2, "change_message": "[{\"changed\": {\"fields\": [\"URL\"]}}]"}}, {"model": "admin.logentry", "pk": 5, "fields": {"action_time": "2021-03-26T10:40:28.826Z", "user": 1, "content_type": 8, "object_id": "2", "object_repr": "/pages/contacts/ -- Контакты", "action_flag": 2, "change_message": "[{\"changed\": {\"fields\": [\"URL\"]}}]"}}, {"model": "admin.logentry", "pk": 6, "fields": {"action_time": "2021-03-26T10:50:58.417Z", "user": 1, "content_type": 8, "object_id": "1", "object_repr": "/about/ -- About", "action_flag": 2, "change_message": "[{\"changed\": {\"fields\": [\"URL\"]}}]"}}, {"model": "admin.logentry", "pk": 7, "fields": {"action_time": "2021-03-26T10:51:24.303Z", "user": 1, "content_type": 8, "object_id": "2", "object_repr": "/contacts/ -- Контакты", "action_flag": 2, "change_message": "[{\"changed\": {\"fields\": [\"URL\"]}}]"}}, {"model": "admin.logentry", "pk": 8, "fields": {"action_time": "2021-03-26T13:45:06.497Z", "user": 1, "content_type": 8, "object_id": "1", "object_repr": "/about/ -- About", "action_flag": 2, "change_message": "[]"}}, {"model": "admin.logentry", "pk": 9, "fields": {"action_time": "2021-03-26T13:49:08.842Z", "user": 1, "content_type": 8, "object_id": "2", "object_repr": "/contacts/ -- Контакты", "action_flag": 2, "change_message": "[{\"changed\": {\"fields\": [\"content\"]}}]"}}, {"model": "admin.logentry", "pk": 10, "fields": {"action_time": "2021-03-27T11:18:43.421Z", "user": 1, "content_type": 8, "object_id": "1", "object_repr": "/about/ -- О нас", "action_flag": 2, "change_message": "[{\"changed\": {\"fields\": [\"Title\", \"content\"]}}]"}}, {"model": "admin.logentry", "pk": 11, "fields": {"action_time": "2021-04-11T15:57:56.176Z", "user": 1, "content_type": 18, "object_id": "1", "object_repr": "Google", "action_flag": 1, "change_message": "[{\"added\": {}}]"}}, {"model": "admin.logentry", "pk": 12, "fields": {"action_time": "2021-04-13T15:31:16.645Z", "user": 1, "content_type": 20, "object_id": "1", "object_repr": "New goods", "action_flag": 1, "change_message": "[{\"added\": {}}]"}}, {"model": "admin.logentry", "pk": 13, "fields": {"action_time": "2021-04-14T16:50:01.382Z", "user": 1, "content_type": 4, "object_id": "5", "object_repr": "gorkycow", "action_flag": 3, "change_message": ""}}, {"model": "admin.logentry", "pk": 14, "fields": {"action_time": "2021-04-14T16:50:10.499Z", "user": 1, "content_type": 4, "object_id": "2", "object_repr": "jojo", "action_flag": 3, "change_message": ""}}, {"model": "admin.logentry", "pk": 15, "fields": {"action_time": "2021-04-14T16:50:10.513Z", "user": 1, "content_type": 4, "object_id": "3", "object_repr": "jojo1", "action_flag": 3, "change_message": ""}}, {"model": "admin.logentry", "pk": 16, "fields": {"action_time": "2021-04-14T16:50:10.520Z", "user": 1, "content_type": 4, "object_id": "4", "object_repr": "jojo2", "action_flag": 3, "change_message": ""}}, {"model": "admin.logentry", "pk": 17, "fields": {"action_time": "2021-04-14T16:50:10.526Z", "user": 1, "content_type": 4, "object_id": "6", "object_repr": "jojo3", "action_flag": 3, "change_message": ""}}, {"model": "admin.logentry", "pk": 18, "fields": {"action_time": "2021-04-14T16:50:10.533Z", "user": 1, "content_type": 4, "object_id": "7", "object_repr": "jojo4", "action_flag": 3, "change_message": ""}}, {"model": "admin.logentry", "pk": 19, "fields": {"action_time": "2021-04-14T21:27:37.568Z", "user": 1, "content_type": 22, "object_id": "1", "object_repr": "New goods", "action_flag": 1, "change_message": "[{\"added\": {}}]"}}, {"model": "admin.logentry", "pk": 20, "fields": {"action_time": "2021-04-17T14:20:46.543Z", "user": 1, "content_type": 11, "object_id": "26", "object_repr": "Жопа Артемия Лебедева", "action_flag": 3, "change_message": ""}}, {"model": "admin.logentry", "pk": 21, "fields": {"action_time": "2021-04-17T17:21:43.470Z", "user": 1, "content_type": 11, "object_id": "27", "object_repr": "Жопа Артемия Лебедева", "action_flag": 3, "change_message": ""}}, {"model": "admin.logentry", "pk": 22, "fields": {"action_time": "2021-04-17T17:23:25.395Z", "user": 1, "content_type": 11, "object_id": "28", "object_repr": "Жопа Артемия Лебедева", "action_flag": 3, "change_message": ""}}, {"model": "admin.logentry", "pk": 23, "fields": {"action_time": "2021-04-17T17:23:25.406Z", "user": 1, "content_type": 11, "object_id": "20", "object_repr": "Паттерн", "action_flag": 3, "change_message": ""}}, {"model": "admin.logentry", "pk": 24, "fields": {"action_time": "2021-04-17T17:28:10.916Z", "user": 1, "content_type": 11, "object_id": "17", "object_repr": "Говно", "action_flag": 3, "change_message": ""}}, {"model": "admin.logentry", "pk": 25, "fields": {"action_time": "2021-04-17T17:28:10.931Z", "user": 1, "content_type": 11, "object_id": "29", "object_repr": "Жопа Артемия Лебедева", "action_flag": 3, "change_message": ""}}, {"model": "admin.logentry", "pk": 26, "fields": {"action_time": "2021-04-19T09:00:03.078Z", "user": 1, "content_type": 4, "object_id": "8", "object_repr": "gorkycow", "action_flag": 3, "change_message": ""}}, {"model": "admin.logentry", "pk": 27, "fields": {"action_time": "2021-04-19T09:02:20.454Z", "user": 1, "content_type": 4, "object_id": "9", "object_repr": "gorkycow", "action_flag": 3, "change_message": ""}}, {"model": "admin.logentry", "pk": 28, "fields": {"action_time": "2021-04-26T09:15:05.912Z", "user": 1, "content_type": 4, "object_id": "11", "object_repr": "vitaly", "action_flag": 3, "change_message": ""}}, {"model": "admin.logentry", "pk": 29, "fields": {"action_time": "2021-04-26T09:36:46.996Z", "user": 1, "content_type": 12, "object_id": "38", "object_repr": "For Kids", "action_flag": 3, "change_message": ""}}, {"model": "admin.logentry", "pk": 30, "fields": {"action_time": "2021-04-26T09:36:47.010Z", "user": 1, "content_type": 12, "object_id": "37", "object_repr": "Hammer", "action_flag": 3, "change_message": ""}}, {"model": "admin.logentry", "pk": 31, "fields": {"action_time": "2021-04-26T09:36:47.018Z", "user": 1, "content_type": 12, "object_id": "36", "object_repr": "Best Seller", "action_flag": 3, "change_message": ""}}, {"model": "admin.logentry", "pk": 32, "fields": {"action_time": "2021-04-26T09:36:47.025Z", "user": 1, "content_type": 12, "object_id": "35", "object_repr": "New", "action_flag": 3, "change_message": ""}}, {"model": "admin.logentry", "pk": 33, "fields": {"action_time": "2021-04-26T09:36:47.032Z", "user": 1, "content_type": 12, "object_id": "34", "object_repr": "For Kids", "action_flag": 3, "change_message": ""}}, {"model": "admin.logentry", "pk": 34, "fields": {"action_time": "2021-04-26T09:36:47.041Z", "user": 1, "content_type": 12, "object_id": "33", "object_repr": "Hammer", "action_flag": 3, "change_message": ""}}, {"model": "admin.logentry", "pk": 35, "fields": {"action_time": "2021-04-26T09:36:47.049Z", "user": 1, "content_type": 12, "object_id": "32", "object_repr": "Best Seller", "action_flag": 3, "change_message": ""}}, {"model": "admin.logentry", "pk": 36, "fields": {"action_time": "2021-04-26T09:36:47.056Z", "user": 1, "content_type": 12, "object_id": "31", "object_repr": "New", "action_flag": 3, "change_message": ""}}, {"model": "admin.logentry", "pk": 37, "fields": {"action_time": "2021-04-26T09:36:47.063Z", "user": 1, "content_type": 12, "object_id": "30", "object_repr": "For Kids", "action_flag": 3, "change_message": ""}}, {"model": "admin.logentry", "pk": 38, "fields": {"action_time": "2021-04-26T09:36:47.072Z", "user": 1, "content_type": 12, "object_id": "29", "object_repr": "Hammer", "action_flag": 3, "change_message": ""}}, {"model": "admin.logentry", "pk": 39, "fields": {"action_time": "2021-04-26T09:36:47.084Z", "user": 1, "content_type": 12, "object_id": "28", "object_repr": "Best Seller", "action_flag": 3, "change_message": ""}}, {"model": "admin.logentry", "pk": 40, "fields": {"action_time": "2021-04-26T09:36:47.092Z", "user": 1, "content_type": 12, "object_id": "27", "object_repr": "New", "action_flag": 3, "change_message": ""}}, {"model": "admin.logentry", "pk": 41, "fields": {"action_time": "2021-04-26T09:36:47.100Z", "user": 1, "content_type": 12, "object_id": "26", "object_repr": "For Kids", "action_flag": 3, "change_message": ""}}, {"model": "admin.logentry", "pk": 42, "fields": {"action_time": "2021-04-26T09:36:47.109Z", "user": 1, "content_type": 12, "object_id": "25", "object_repr": "Hammer", "action_flag": 3, "change_message": ""}}, {"model": "admin.logentry", "pk": 43, "fields": {"action_time": "2021-04-26T09:36:47.117Z", "user": 1, "content_type": 12, "object_id": "24", "object_repr": "Best Seller", "action_flag": 3, "change_message": ""}}, {"model": "admin.logentry", "pk": 44, "fields": {"action_time": "2021-04-26T09:36:47.125Z", "user": 1, "content_type": 12, "object_id": "23", "object_repr": "New", "action_flag": 3, "change_message": ""}}, {"model": "admin.logentry", "pk": 45, "fields": {"action_time": "2021-04-26T09:36:47.134Z", "user": 1, "content_type": 12, "object_id": "22", "object_repr": "For Kids", "action_flag": 3, "change_message": ""}}, {"model": "admin.logentry", "pk": 46, "fields": {"action_time": "2021-04-26T09:36:47.142Z", "user": 1, "content_type": 12, "object_id": "21", "object_repr": "Hammer", "action_flag": 3, "change_message": ""}}, {"model": "admin.logentry", "pk": 47, "fields": {"action_time": "2021-04-26T09:36:47.150Z", "user": 1, "content_type": 12, "object_id": "20", "object_repr": "Best Seller", "action_flag": 3, "change_message": ""}}, {"model": "admin.logentry", "pk": 48, "fields": {"action_time": "2021-04-26T09:36:47.159Z", "user": 1, "content_type": 12, "object_id": "19", "object_repr": "New", "action_flag": 3, "change_message": ""}}, {"model": "admin.logentry", "pk": 49, "fields": {"action_time": "2021-04-26T09:36:47.166Z", "user": 1, "content_type": 12, "object_id": "18", "object_repr": "For Kids", "action_flag": 3, "change_message": ""}}, {"model": "admin.logentry", "pk": 50, "fields": {"action_time": "2021-04-26T09:36:47.174Z", "user": 1, "content_type": 12, "object_id": "17", "object_repr": "Hammer", "action_flag": 3, "change_message": ""}}, {"model": "admin.logentry", "pk": 51, "fields": {"action_time": "2021-04-26T09:36:47.181Z", "user": 1, "content_type": 12, "object_id": "16", "object_repr": "Best Seller", "action_flag": 3, "change_message": ""}}, {"model": "admin.logentry", "pk": 52, "fields": {"action_time": "2021-04-26T09:36:47.189Z", "user": 1, "content_type": 12, "object_id": "15", "object_repr": "New", "action_flag": 3, "change_message": ""}}, {"model": "admin.logentry", "pk": 53, "fields": {"action_time": "2021-04-26T09:36:47.197Z", "user": 1, "content_type": 12, "object_id": "14", "object_repr": "For Kids", "action_flag": 3, "change_message": ""}}, {"model": "admin.logentry", "pk": 54, "fields": {"action_time": "2021-04-26T09:36:47.205Z", "user": 1, "content_type": 12, "object_id": "13", "object_repr": "Hammer", "action_flag": 3, "change_message": ""}}, {"model": "admin.logentry", "pk": 55, "fields": {"action_time": "2021-04-26T09:36:47.213Z", "user": 1, "content_type": 12, "object_id": "12", "object_repr": "Best Seller", "action_flag": 3, "change_message": ""}}, {"model": "admin.logentry", "pk": 56, "fields": {"action_time": "2021-04-26T09:36:47.221Z", "user": 1, "content_type": 12, "object_id": "11", "object_repr": "New", "action_flag": 3, "change_message": ""}}, {"model": "admin.logentry", "pk": 57, "fields": {"action_time": "2021-04-26T09:36:47.229Z", "user": 1, "content_type": 12, "object_id": "10", "object_repr": "For Kids", "action_flag": 3, "change_message": ""}}, {"model": "admin.logentry", "pk": 58, "fields": {"action_time": "2021-04-26T09:36:47.237Z", "user": 1, "content_type": 12, "object_id": "9", "object_repr": "Hammer", "action_flag": 3, "change_message": ""}}, {"model": "admin.logentry", "pk": 59, "fields": {"action_time": "2021-04-26T09:36:47.244Z", "user": 1, "content_type": 12, "object_id": "8", "object_repr": "Best Seller", "action_flag": 3, "change_message": ""}}, {"model": "admin.logentry", "pk": 60, "fields": {"action_time": "2021-04-26T09:36:47.252Z", "user": 1, "content_type": 12, "object_id": "7", "object_repr": "New", "action_flag": 3, "change_message": ""}}, {"model": "admin.logentry", "pk": 61, "fields": {"action_time": "2021-04-26T09:36:57.542Z", "user": 1, "content_type": 12, "object_id": "42", "object_repr": "For Kids", "action_flag": 3, "change_message": ""}}, {"model": "admin.logentry", "pk": 62, "fields": {"action_time": "2021-04-26T09:36:57.553Z", "user": 1, "content_type": 12, "object_id": "41", "object_repr": "Hammer", "action_flag": 3, "change_message": ""}}, {"model": "admin.logentry", "pk": 63, "fields": {"action_time": "2021-04-26T09:36:57.562Z", "user": 1, "content_type": 12, "object_id": "40", "object_repr": "Best Seller", "action_flag": 3, "change_message": ""}}, {"model": "admin.logentry", "pk": 64, "fields": {"action_time": "2021-04-26T09:36:57.570Z", "user": 1, "content_type": 12, "object_id": "39", "object_repr": "New", "action_flag": 3, "change_message": ""}}, {"model": "auth.permission", "pk": 1, "fields": {"name": "Can add log entry", "content_type": 1, "codename": "add_logentry"}}, {"model": "auth.permission", "pk": 2, "fields": {"name": "Can change log entry", "content_type": 1, "codename": "change_logentry"}}, {"model": "auth.permission", "pk": 3, "fields": {"name": "Can delete log entry", "content_type": 1, "codename": "delete_logentry"}}, {"model": "auth.permission", "pk": 4, "fields": {"name": "Can view log entry", "content_type": 1, "codename": "view_logentry"}}, {"model": "auth.permission", "pk": 5, "fields": {"name": "Can add permission", "content_type": 2, "codename": "add_permission"}}, {"model": "auth.permission", "pk": 6, "fields": {"name": "Can change permission", "content_type": 2, "codename": "change_permission"}}, {"model": "auth.permission", "pk": 7, "fields": {"name": "Can delete permission", "content_type": 2, "codename": "delete_permission"}}, {"model": "auth.permission", "pk": 8, "fields": {"name": "Can view permission", "content_type": 2, "codename": "view_permission"}}, {"model": "auth.permission", "pk": 9, "fields": {"name": "Can add group", "content_type": 3, "codename": "add_group"}}, {"model": "auth.permission", "pk": 10, "fields": {"name": "Can change group", "content_type": 3, "codename": "change_group"}}, {"model": "auth.permission", "pk": 11, "fields": {"name": "Can delete group", "content_type": 3, "codename": "delete_group"}}, {"model": "auth.permission", "pk": 12, "fields": {"name": "Can view group", "content_type": 3, "codename": "view_group"}}, {"model": "auth.permission", "pk": 13, "fields": {"name": "Can add user", "content_type": 4, "codename": "add_user"}}, {"model": "auth.permission", "pk": 14, "fields": {"name": "Can change user", "content_type": 4, "codename": "change_user"}}, {"model": "auth.permission", "pk": 15, "fields": {"name": "Can delete user", "content_type": 4, "codename": "delete_user"}}, {"model": "auth.permission", "pk": 16, "fields": {"name": "Can view user", "content_type": 4, "codename": "view_user"}}, {"model": "auth.permission", "pk": 17, "fields": {"name": "Can add content type", "content_type": 5, "codename": "add_contenttype"}}, {"model": "auth.permission", "pk": 18, "fields": {"name": "Can change content type", "content_type": 5, "codename": "change_contenttype"}}, {"model": "auth.permission", "pk": 19, "fields": {"name": "Can delete content type", "content_type": 5, "codename": "delete_contenttype"}}, {"model": "auth.permission", "pk": 20, "fields": {"name": "Can view content type", "content_type": 5, "codename": "view_contenttype"}}, {"model": "auth.permission", "pk": 21, "fields": {"name": "Can add session", "content_type": 6, "codename": "add_session"}}, {"model": "auth.permission", "pk": 22, "fields": {"name": "Can change session", "content_type": 6, "codename": "change_session"}}, {"model": "auth.permission", "pk": 23, "fields": {"name": "Can delete session", "content_type": 6, "codename": "delete_session"}}, {"model": "auth.permission", "pk": 24, "fields": {"name": "Can view session", "content_type": 6, "codename": "view_session"}}, {"model": "auth.permission", "pk": 25, "fields": {"name": "Can add site", "content_type": 7, "codename": "add_site"}}, {"model": "auth.permission", "pk": 26, "fields": {"name": "Can change site", "content_type": 7, "codename": "change_site"}}, {"model": "auth.permission", "pk": 27, "fields": {"name": "Can delete site", "content_type": 7, "codename": "delete_site"}}, {"model": "auth.permission", "pk": 28, "fields": {"name": "Can view site", "content_type": 7, "codename": "view_site"}}, {"model": "auth.permission", "pk": 29, "fields": {"name": "Can add flat page", "content_type": 8, "codename": "add_flatpage"}}, {"model": "auth.permission", "pk": 30, "fields": {"name": "Can change flat page", "content_type": 8, "codename": "change_flatpage"}}, {"model": "auth.permission", "pk": 31, "fields": {"name": "Can delete flat page", "content_type": 8, "codename": "delete_flatpage"}}, {"model": "auth.permission", "pk": 32, "fields": {"name": "Can view flat page", "content_type": 8, "codename": "view_flatpage"}}, {"model": "auth.permission", "pk": 33, "fields": {"name": "Can add category", "content_type": 9, "codename": "add_category"}}, {"model": "auth.permission", "pk": 34, "fields": {"name": "Can change category", "content_type": 9, "codename": "change_category"}}, {"model": "auth.permission", "pk": 35, "fields": {"name": "Can delete category", "content_type": 9, "codename": "delete_category"}}, {"model": "auth.permission", "pk": 36, "fields": {"name": "Can view category", "content_type": 9, "codename": "view_category"}}, {"model": "auth.permission", "pk": 37, "fields": {"name": "Can add seller", "content_type": 10, "codename": "add_seller"}}, {"model": "auth.permission", "pk": 38, "fields": {"name": "Can change seller", "content_type": 10, "codename": "change_seller"}}, {"model": "auth.permission", "pk": 39, "fields": {"name": "Can delete seller", "content_type": 10, "codename": "delete_seller"}}, {"model": "auth.permission", "pk": 40, "fields": {"name": "Can view seller", "content_type": 10, "codename": "view_seller"}}, {"model": "auth.permission", "pk": 41, "fields": {"name": "Can add goods", "content_type": 11, "codename": "add_goods"}}, {"model": "auth.permission", "pk": 42, "fields": {"name": "Can change goods", "content_type": 11, "codename": "change_goods"}}, {"model": "auth.permission", "pk": 43, "fields": {"name": "Can delete goods", "content_type": 11, "codename": "delete_goods"}}, {"model": "auth.permission", "pk": 44, "fields": {"name": "Can view goods", "content_type": 11, "codename": "view_goods"}}, {"model": "auth.permission", "pk": 45, "fields": {"name": "Can add tag", "content_type": 12, "codename": "add_tag"}}, {"model": "auth.permission", "pk": 46, "fields": {"name": "Can change tag", "content_type": 12, "codename": "change_tag"}}, {"model": "auth.permission", "pk": 47, "fields": {"name": "Can delete tag", "content_type": 12, "codename": "delete_tag"}}, {"model": "auth.permission", "pk": 48, "fields": {"name": "Can view tag", "content_type": 12, "codename": "view_tag"}}, {"model": "auth.permission", "pk": 49, "fields": {"name": "Can add profile", "content_type": 13, "codename": "add_profile"}}, {"model": "auth.permission", "pk": 50, "fields": {"name": "Can change profile", "content_type": 13, "codename": "change_profile"}}, {"model": "auth.permission", "pk": 51, "fields": {"name": "Can delete profile", "content_type": 13, "codename": "delete_profile"}}, {"model": "auth.permission", "pk": 52, "fields": {"name": "Can view profile", "content_type": 13, "codename": "view_profile"}}, {"model": "auth.permission", "pk": 53, "fields": {"name": "Can add kv store", "content_type": 14, "codename": "add_kvstore"}}, {"model": "auth.permission", "pk": 54, "fields": {"name": "Can change kv store", "content_type": 14, "codename": "change_kvstore"}}, {"model": "auth.permission", "pk": 55, "fields": {"name": "Can delete kv store", "content_type": 14, "codename": "delete_kvstore"}}, {"model": "auth.permission", "pk": 56, "fields": {"name": "Can view kv store", "content_type": 14, "codename": "view_kvstore"}}, {"model": "auth.permission", "pk": 57, "fields": {"name": "Can add email address", "content_type": 15, "codename": "add_emailaddress"}}, {"model": "auth.permission", "pk": 58, "fields": {"name": "Can change email address", "content_type": 15, "codename": "change_emailaddress"}}, {"model": "auth.permission", "pk": 59, "fields": {"name": "Can delete email address", "content_type": 15, "codename": "delete_emailaddress"}}, {"model": "auth.permission", "pk": 60, "fields": {"name": "Can view email address", "content_type": 15, "codename": "view_emailaddress"}}, {"model": "auth.permission", "pk": 61, "fields": {"name": "Can add email confirmation", "content_type": 16, "codename": "add_emailconfirmation"}}, {"model": "auth.permission", "pk": 62, "fields": {"name": "Can change email confirmation", "content_type": 16, "codename": "change_emailconfirmation"}}, {"model": "auth.permission", "pk": 63, "fields": {"name": "Can delete email confirmation", "content_type": 16, "codename": "delete_emailconfirmation"}}, {"model": "auth.permission", "pk": 64, "fields": {"name": "Can view email confirmation", "content_type": 16, "codename": "view_emailconfirmation"}}, {"model": "auth.permission", "pk": 65, "fields": {"name": "Can add social account", "content_type": 17, "codename": "add_socialaccount"}}, {"model": "auth.permission", "pk": 66, "fields": {"name": "Can change social account", "content_type": 17, "codename": "change_socialaccount"}}, {"model": "auth.permission", "pk": 67, "fields": {"name": "Can delete social account", "content_type": 17, "codename": "delete_socialaccount"}}, {"model": "auth.permission", "pk": 68, "fields": {"name": "Can view social account", "content_type": 17, "codename": "view_socialaccount"}}, {"model": "auth.permission", "pk": 69, "fields": {"name": "Can add social application", "content_type": 18, "codename": "add_socialapp"}}, {"model": "auth.permission", "pk": 70, "fields": {"name": "Can change social application", "content_type": 18, "codename": "change_socialapp"}}, {"model": "auth.permission", "pk": 71, "fields": {"name": "Can delete social application", "content_type": 18, "codename": "delete_socialapp"}}, {"model": "auth.permission", "pk": 72, "fields": {"name": "Can view social application", "content_type": 18, "codename": "view_socialapp"}}, {"model": "auth.permission", "pk": 73, "fields": {"name": "Can add social application token", "content_type": 19, "codename": "add_socialtoken"}}, {"model": "auth.permission", "pk": 74, "fields": {"name": "Can change social application token", "content_type": 19, "codename": "change_socialtoken"}}, {"model": "auth.permission", "pk": 75, "fields": {"name": "Can delete social application token", "content_type": 19, "codename": "delete_socialtoken"}}, {"model": "auth.permission", "pk": 76, "fields": {"name": "Can view social application token", "content_type": 19, "codename": "view_socialtoken"}}, {"model": "auth.permission", "pk": 77, "fields": {"name": "Can add subscriptions", "content_type": 20, "codename": "add_subscriptions"}}, {"model": "auth.permission", "pk": 78, "fields": {"name": "Can change subscriptions", "content_type": 20, "codename": "change_subscriptions"}}, {"model": "auth.permission", "pk": 79, "fields": {"name": "Can delete subscriptions", "content_type": 20, "codename": "delete_subscriptions"}}, {"model": "auth.permission", "pk": 80, "fields": {"name": "Can view subscriptions", "content_type": 20, "codename": "view_subscriptions"}}, {"model": "auth.permission", "pk": 81, "fields": {"name": "Can add profile1", "content_type": 13, "codename": "add_profile1"}}, {"model": "auth.permission", "pk": 82, "fields": {"name": "Can change profile1", "content_type": 13, "codename": "change_profile1"}}, {"model": "auth.permission", "pk": 83, "fields": {"name": "Can delete profile1", "content_type": 13, "codename": "delete_profile1"}}, {"model": "auth.permission", "pk": 84, "fields": {"name": "Can view profile1", "content_type": 13, "codename": "view_profile1"}}, {"model": "auth.permission", "pk": 85, "fields": {"name": "Can add subscriptions1", "content_type": 20, "codename": "add_subscriptions1"}}, {"model": "auth.permission", "pk": 86, "fields": {"name": "Can change subscriptions1", "content_type": 20, "codename": "change_subscriptions1"}}, {"model": "auth.permission", "pk": 87, "fields": {"name": "Can delete subscriptions1", "content_type": 20, "codename": "delete_subscriptions1"}}, {"model": "auth.permission", "pk": 88, "fields": {"name": "Can view subscriptions1", "content_type": 20, "codename": "view_subscriptions1"}}, {"model": "auth.permission", "pk": 89, "fields": {"name": "Can add profile", "content_type": 21, "codename": "add_profile"}}, {"model": "auth.permission", "pk": 90, "fields": {"name": "Can change profile", "content_type": 21, "codename": "change_profile"}}, {"model": "auth.permission", "pk": 91, "fields": {"name": "Can delete profile", "content_type": 21, "codename": "delete_profile"}}, {"model": "auth.permission", "pk": 92, "fields": {"name": "Can view profile", "content_type": 21, "codename": "view_profile"}}, {"model": "auth.permission", "pk": 93, "fields": {"name": "Can add subscriptions", "content_type": 22, "codename": "add_subscriptions"}}, {"model": "auth.permission", "pk": 94, "fields": {"name": "Can change subscriptions", "content_type": 22, "codename": "change_subscriptions"}}, {"model": "auth.permission", "pk": 95, "fields": {"name": "Can delete subscriptions", "content_type": 22, "codename": "delete_subscriptions"}}, {"model": "auth.permission", "pk": 96, "fields": {"name": "Can view subscriptions", "content_type": 22, "codename": "view_subscriptions"}}, {"model": "auth.permission", "pk": 97, "fields": {"name": "Can add django job", "content_type": 23, "codename": "add_djangojob"}}, {"model": "auth.permission", "pk": 98, "fields": {"name": "Can change django job", "content_type": 23, "codename": "change_djangojob"}}, {"model": "auth.permission", "pk": 99, "fields": {"name": "Can delete django job", "content_type": 23, "codename": "delete_djangojob"}}, {"model": "auth.permission", "pk": 100, "fields": {"name": "Can view django job", "content_type": 23, "codename": "view_djangojob"}}, {"model": "auth.permission", "pk": 101, "fields": {"name": "Can add django job execution", "content_type": 24, "codename": "add_djangojobexecution"}}, {"model": "auth.permission", "pk": 102, "fields": {"name": "Can change django job execution", "content_type": 24, "codename": "change_djangojobexecution"}}, {"model": "auth.permission", "pk": 103, "fields": {"name": "Can delete django job execution", "content_type": 24, "codename": "delete_djangojobexecution"}}, {"model": "auth.permission", "pk": 104, "fields": {"name": "Can view django job execution", "content_type": 24, "codename": "view_djangojobexecution"}}, {"model": "auth.permission", "pk": 105, "fields": {"name": "Can add task result", "content_type": 25, "codename": "add_taskresult"}}, {"model": "auth.permission", "pk": 106, "fields": {"name": "Can change task result", "content_type": 25, "codename": "change_taskresult"}}, {"model": "auth.permission", "pk": 107, "fields": {"name": "Can delete task result", "content_type": 25, "codename": "delete_taskresult"}}, {"model": "auth.permission", "pk": 108, "fields": {"name": "Can view task result", "content_type": 25, "codename": "view_taskresult"}}, {"model": "auth.permission", "pk": 109, "fields": {"name": "Can add chord counter", "content_type": 26, "codename": "add_chordcounter"}}, {"model": "auth.permission", "pk": 110, "fields": {"name": "Can change chord counter", "content_type": 26, "codename": "change_chordcounter"}}, {"model": "auth.permission", "pk": 111, "fields": {"name": "Can delete chord counter", "content_type": 26, "codename": "delete_chordcounter"}}, {"model": "auth.permission", "pk": 112, "fields": {"name": "Can view chord counter", "content_type": 26, "codename": "view_chordcounter"}}, {"model": "auth.permission", "pk": 113, "fields": {"name": "Can add sms log", "content_type": 27, "codename": "add_smslog"}}, {"model": "auth.permission", "pk": 114, "fields": {"name": "Can change sms log", "content_type": 27, "codename": "change_smslog"}}, {"model": "auth.permission", "pk": 115, "fields": {"name": "Can delete sms log", "content_type": 27, "codename": "delete_smslog"}}, {"model": "auth.permission", "pk": 116, "fields": {"name": "Can view sms log", "content_type": 27, "codename": "view_smslog"}}, {"model": "auth.group", "pk": 1, "fields": {"name": "common_users", "permissions": []}}, {"model": "auth.group", "pk": 2, "fields": {"name": "sellers", "permissions": [41, 42]}}, {"model": "auth.user", "pk": 1, "fields": {"password": "pbkdf2_sha256$216000$VPNFmY2Fhxdk$C3JRsCVHXIbLchnej1PNl4FtqmSTkm3OdnvqGivkRR4=", "last_login": "2021-04-26T09:16:27.387Z", "is_superuser": true, "username": "admin", "first_name": "Vitaly", "last_name": "Kuznetsov", "email": "admin@example.com", "is_staff": true, "is_active": true, "date_joined": "2021-03-24T16:14:56.589Z", "groups": [], "user_permissions": []}}, {"model": "auth.user", "pk": 10, "fields": {"password": "!c8sFbEYBxyLDtEvvotIuZzzbUk71E27Q8eNCjesR", "last_login": "2021-04-19T09:05:16.120Z", "is_superuser": false, "username": "gorkycow", "first_name": "Непонятливый", "last_name": "Василий", "email": "gorkycow@googlemail.com", "is_staff": false, "is_active": true, "date_joined": "2021-04-19T09:02:34.579Z", "groups": [1], "user_permissions": []}}, {"model": "auth.user", "pk": 12, "fields": {"password": "!kmLEjD6vBiedtT2zX1Y3loh1mLNWQVyZG4eBSpyS", "last_login": "2021-04-26T09:15:21.478Z", "is_superuser": false, "username": "vitaly", "first_name": "Vitaly", "last_name": "Kuznetsov", "email": "kuznetsov.hh@gmail.com", "is_staff": false, "is_active": true, "date_joined": "2021-04-26T09:15:21.315Z", "groups": [1], "user_permissions": []}}, {"model": "contenttypes.contenttype", "pk": 1, "fields": {"app_label": "admin", "model": "logentry"}}, {"model": "contenttypes.contenttype", "pk": 2, "fields": {"app_label": "auth", "model": "permission"}}, {"model": "contenttypes.contenttype", "pk": 3, "fields": {"app_label": "auth", "model": "group"}}, {"model": "contenttypes.contenttype", "pk": 4, "fields": {"app_label": "auth", "model": "user"}}, {"model": "contenttypes.contenttype", "pk": 5, "fields": {"app_label": "contenttypes", "model": "contenttype"}}, {"model": "contenttypes.contenttype", "pk": 6, "fields": {"app_label": "sessions", "model": "session"}}, {"model": "contenttypes.contenttype", "pk": 7, "fields": {"app_label": "sites", "model": "site"}}, {"model": "contenttypes.contenttype", "pk": 8, "fields": {"app_label": "flatpages", "model": "flatpage"}}, {"model": "contenttypes.contenttype", "pk": 9, "fields": {"app_label": "main", "model": "category"}}, {"model": "contenttypes.contenttype", "pk": 10, "fields": {"app_label": "main", "model": "seller"}}, {"model": "contenttypes.contenttype", "pk": 11, "fields": {"app_label": "main", "model": "goods"}}, {"model": "contenttypes.contenttype", "pk": 12, "fields": {"app_label": "main", "model": "tag"}}, {"model": "contenttypes.contenttype", "pk": 13, "fields": {"app_label": "main", "model": "profile1"}}, {"model": "contenttypes.contenttype", "pk": 14, "fields": {"app_label": "thumbnail", "model": "kvstore"}}, {"model": "contenttypes.contenttype", "pk": 15, "fields": {"app_label": "account", "model": "emailaddress"}}, {"model": "contenttypes.contenttype", "pk": 16, "fields": {"app_label": "account", "model": "emailconfirmation"}}, {"model": "contenttypes.contenttype", "pk": 17, "fields": {"app_label": "socialaccount", "model": "socialaccount"}}, {"model": "contenttypes.contenttype", "pk": 18, "fields": {"app_label": "socialaccount", "model": "socialapp"}}, {"model": "contenttypes.contenttype", "pk": 19, "fields": {"app_label": "socialaccount", "model": "socialtoken"}}, {"model": "contenttypes.contenttype", "pk": 20, "fields": {"app_label": "main", "model": "subscriptions1"}}, {"model": "contenttypes.contenttype", "pk": 21, "fields": {"app_label": "main", "model": "profile"}}, {"model": "contenttypes.contenttype", "pk": 22, "fields": {"app_label": "main", "model": "subscriptions"}}, {"model": "contenttypes.contenttype", "pk": 23, "fields": {"app_label": "django_apscheduler", "model": "djangojob"}}, {"model": "contenttypes.contenttype", "pk": 24, "fields": {"app_label": "django_apscheduler", "model": "djangojobexecution"}}, {"model": "contenttypes.contenttype", "pk": 25, "fields": {"app_label": "django_celery_results", "model": "taskresult"}}, {"model": "contenttypes.contenttype", "pk": 26, "fields": {"app_label": "django_celery_results", "model": "chordcounter"}}, {"model": "contenttypes.contenttype", "pk": 27, "fields": {"app_label": "main", "model": "smslog"}}, {"model": "sessions.session", "pk": "35gaj1au90xceq9udl1mq0lxh9m8hqwy", "fields": {"session_data": ".eJxVjDsOwjAQRO_iGlnxb40p6XMGa9cfHEC2FCcV4u5gKQVUI817My_mcd-K33ta_RLZhQl2-u0IwyPVAeId663x0Oq2LsSHwg_a-dxiel4P9--gYC_ftQNzlkoCRQRtsgZtQUlhtIGkJQg9ZXKkbJaYQ8zRjMTknCA7ieTY-wO3JTd8:1lPSub:ez4yj8BsmHGfbbPkiS2Vnd7O2XOvih-TrvodxF2BSRA", "expire_date": "2021-04-08T16:32:45.828Z"}}, {"model": "sessions.session", "pk": "69dqivd0trg5s8okc8j5tsxtkurji6es", "fields": {"session_data": ".eJxVjEEOwiAURO_C2pBC4Ve6dO8ZyKd8LGqggTbRGO-uJF3oapKZN-_FLG7rbLdKxUbPRibY4bdzON0otcFfMV0yn3JaS3S8IXxfKz9nT_fTzv4JZqzz921AH2UvwXkEpYMCNUAvhVYaSEkQqgvOuH4IEsPkg9ctkYwRbugEmSatVGvMydJjieXJxu79AVcrPrk:1lVHyi:IEJ786CCfWXc41PiqgJU8L9HkcmpT60CvzPWA-sk460", "expire_date": "2021-04-24T18:05:04.406Z"}}, {"model": "sessions.session", "pk": "jbdw6g5yip4evfe9dpyhqd55jq85mg4w", "fields": {"session_data": ".eJxVjEEOwiAURO_C2pBC4Ve6dO8ZyKd8LGqggTbRGO-uJF3oapKZN-_FLG7rbLdKxUbPRibY4bdzON0otcFfMV0yn3JaS3S8IXxfKz9nT_fTzv4JZqzz921AH2UvwXkEpYMCNUAvhVYaSEkQqgvOuH4IEsPkg9ctkYwRbugEmSatVGvMydJjieXJxu79AVcrPrk:1laxLv:cxftF4hCy2RCApAQobNTSLMQXOXQfoUVLJeaZrOyeIs", "expire_date": "2021-05-10T09:16:27.403Z"}}, {"model": "sessions.session", "pk": "naucx56alr3h9emxeiw4s8eeovry9wi9", "fields": {"session_data": "e30:1lVXwq:P4uoRFS72KBp555KrEGg_vIL-ZUMRWZhd_8wCqqytdo", "expire_date": "2021-04-25T11:08:12.381Z"}}, {"model": "sites.site", "pk": 1, "fields": {"domain": "example.com", "name": "example.com"}}, {"model": "flatpages.flatpage", "pk": 1, "fields": {"url": "/about/", "title": "О нас", "content": "<p>Бомжон - лидер в области электронной комерции. Доставка через 2 часа после оплаты - то чего мы не делаем никогда. Вам придется подождать дней 5. Или 10, как повезёт</p>", "enable_comments": false, "template_name": "", "registration_required": false, "sites": [1]}}, {"model": "flatpages.flatpage", "pk": 2, "fields": {"url": "/contacts/", "title": "Контакты", "content": "<h2 style=\"font-style:italic\"><strong><u>Тебя если твой заказ не устраивает ебать ты выйди со мной раз на раз, а не контакты поддержки ищи</u></strong></h2>", "enable_comments": false, "template_name": "", "registration_required": false, "sites": [1]}}, {"model": "main.seller", "pk": 1, "fields": {"name": "Arse Tickler's Faggot Fan Club", "status": "A", "rating": 3.0, "email": "info@atffc.com"}}, {"model": "main.seller", "pk": 2, "fields": {"name": "Bobbie's Bits", "status": "A", "rating": 5.0, "email": "bobby@bobbiesbits.com"}}, {"model": "main.seller", "pk": 3, "fields": {"name": "Arse Tickler's Faggot Fan Club", "status": "A", "rating": 3.0, "email": "info@atffc.com"}}, {"model": "main.seller", "pk": 4, "fields": {"name": "Bobbie's Bits", "status": "A", "rating": 5.0, "email": "bobby@bobbiesbits.com"}}, {"model": "main.seller", "pk": 5, "fields": {"name": "Arse Tickler's Faggot Fan Club", "status": "A", "rating": 3.0, "email": "info@atffc.com"}}, {"model": "main.seller", "pk": 6, "fields": {"name": "Bobbie's Bits", "status": "A", "rating": 5.0, "email": "bobby@bobbiesbits.com"}}, {"model": "main.seller", "pk": 7, "fields": {"name": "Arse Tickler's Faggot Fan Club", "status": "A", "rating": 3.0, "email": "info@atffc.com"}}, {"model": "main.seller", "pk": 8, "fields": {"name": "Bobbie's Bits", "status": "A", "rating": 5.0, "email": "bobby@bobbiesbits.com"}}, {"model": "main.seller", "pk": 9, "fields": {"name": "Arse Tickler's Faggot Fan Club", "status": "A", "rating": 3.0, "email": "info@atffc.com"}}, {"model": "main.seller", "pk": 10, "fields": {"name": "Bobbie's Bits", "status": "A", "rating": 5.0, "email": "bobby@bobbiesbits.com"}}, {"model": "main.seller", "pk": 11, "fields": {"name": "Arse Tickler's Faggot Fan Club", "status": "A", "rating": 3.0, "email": "info@atffc.com"}}, {"model": "main.seller", "pk": 12, "fields": {"name": "Bobbie's Bits", "status": "A", "rating": 5.0, "email": "bobby@bobbiesbits.com"}}, {"model": "main.seller", "pk": 13, "fields": {"name": "Arse Tickler's Faggot Fan Club", "status": "A", "rating": 3.0, "email": "info@atffc.com"}}, {"model": "main.seller", "pk": 14, "fields": {"name": "Bobbie's Bits", "status": "A", "rating": 5.0, "email": "bobby@bobbiesbits.com"}}, {"model": "main.seller", "pk": 15, "fields": {"name": "Arse Tickler's Faggot Fan Club", "status": "A", "rating": 3.0, "email": "info@atffc.com"}}, {"model": "main.seller", "pk": 16, "fields": {"name": "Bobbie's Bits", "status": "A", "rating": 5.0, "email": "bobby@bobbiesbits.com"}}, {"model": "main.seller", "pk": 17, "fields": {"name": "Arse Tickler's Faggot Fan Club", "status": "A", "rating": 3.0, "email": "info@atffc.com"}}, {"model": "main.seller", "pk": 18, "fields": {"name": "Bobbie's Bits", "status": "A", "rating": 5.0, "email": "bobby@bobbiesbits.com"}}, {"model": "main.seller", "pk": 19, "fields": {"name": "Arse Tickler's Faggot Fan Club", "status": "A", "rating": 3.0, "email": "info@atffc.com"}}, {"model": "main.seller", "pk": 20, "fields": {"name": "Bobbie's Bits", "status": "A", "rating": 5.0, "email": "bobby@bobbiesbits.com"}}, {"model": "main.category", "pk": 1, "fields": {"name": "Toys"}}, {"model": "main.category", "pk": 2, "fields": {"name": "Hardware"}}, {"model": "main.category", "pk": 3, "fields": {"name": "Tools"}}, {"model": "main.category", "pk": 4, "fields": {"name": "Software"}}, {"model": "main.category", "pk": 5, "fields": {"name": "Toys"}}, {"model": "main.category", "pk": 6, "fields": {"name": "Tools"}}, {"model": "main.category", "pk": 7, "fields": {"name": "Hardware"}}, {"model": "main.category", "pk": 8, "fields": {"name": "Software"}}, {"model": "main.category", "pk": 9, "fields": {"name": "Toys"}}, {"model": "main.category", "pk": 10, "fields": {"name": "Tools"}}, {"model": "main.category", "pk": 11, "fields": {"name": "Hardware"}}, {"model": "main.category", "pk": 12, "fields": {"name": "Software"}}, {"model": "main.category", "pk": 13, "fields": {"name": "Toys"}}, {"model": "main.category", "pk": 14, "fields": {"name": "Tools"}}, {"model": "main.category", "pk": 15, "fields": {"name": "Hardware"}}, {"model": "main.category", "pk": 16, "fields": {"name": "Software"}}, {"model": "main.category", "pk": 17, "fields": {"name": "Toys"}}, {"model": "main.category", "pk": 18, "fields": {"name": "Tools"}}, {"model": "main.category", "pk": 19, "fields": {"name": "Hardware"}}, {"model": "main.category", "pk": 20, "fields": {"name": "Software"}}, {"model": "main.category", "pk": 21, "fields": {"name": "Toys"}}, {"model": "main.category", "pk": 22, "fields": {"name": "Tools"}}, {"model": "main.category", "pk": 23, "fields": {"name": "Hardware"}}, {"model": "main.category", "pk": 24, "fields": {"name": "Software"}}, {"model": "main.category", "pk": 25, "fields": {"name": "Toys"}}, {"model": "main.category", "pk": 26, "fields": {"name": "Tools"}}, {"model": "main.category", "pk": 27, "fields": {"name": "Hardware"}}, {"model": "main.category", "pk": 28, "fields": {"name": "Software"}}, {"model": "main.category", "pk": 29, "fields": {"name": "Toys"}}, {"model": "main.category", "pk": 30, "fields": {"name": "Tools"}}, {"model": "main.category", "pk": 31, "fields": {"name": "Hardware"}}, {"model": "main.category", "pk": 32, "fields": {"name": "Software"}}, {"model": "main.category", "pk": 33, "fields": {"name": "Toys"}}, {"model": "main.category", "pk": 34, "fields": {"name": "Tools"}}, {"model": "main.category", "pk": 35, "fields": {"name": "Hardware"}}, {"model": "main.category", "pk": 36, "fields": {"name": "Software"}}, {"model": "main.category", "pk": 37, "fields": {"name": "Toys"}}, {"model": "main.category", "pk": 38, "fields": {"name": "Tools"}}, {"model": "main.category", "pk": 39, "fields": {"name": "Hardware"}}, {"model": "main.category", "pk": 40, "fields": {"name": "Software"}}, {"model": "main.tag", "pk": 1, "fields": {"name": "New"}}, {"model": "main.tag", "pk": 2, "fields": {"name": "Best Seller"}}, {"model": "main.tag", "pk": 3, "fields": {"name": "Hammer"}}, {"model": "main.tag", "pk": 4, "fields": {"name": "For Kids"}}, {"model": "main.tag", "pk": 5, "fields": {"name": "System Center"}}, {"model": "main.tag", "pk": 6, "fields": {"name": "JetBrains"}}, {"model": "main.goods", "pk": 1, "fields": {"name": "Hammer", "description": "Iron hammer. Keep your fingers safe", "seller": 2, "weight": 0.3, "category": 3, "manufacturer": "Noname", "size": null, "rating": 5.0, "price": 10.0, "discount": 0.0, "image": "", "creation_date": "2021-04-16", "views_counter": 1, "in_stock": 0, "tags": [2, 3]}}, {"model": "main.goods", "pk": 2, "fields": {"name": "DataGrip", "description": "IDE for DBs", "seller": 2, "weight": 0.0, "category": 4, "manufacturer": "JetBrains", "size": null, "rating": 4.0, "price": 80.0, "discount": 0.0, "image": "media/goods/photo_2021-04-09_17-31-43_SYYW4Lc.jpg", "creation_date": "2021-04-16", "views_counter": 15, "in_stock": 0, "tags": [1, 2, 6]}}, {"model": "main.goods", "pk": 3, "fields": {"name": "Windows", "description": "World's worst OS", "seller": 2, "weight": 0.0, "category": 4, "manufacturer": "Microsoft", "size": null, "rating": 4.0, "price": 30.0, "discount": 0.0, "image": "", "creation_date": "2021-04-16", "views_counter": 0, "in_stock": 0, "tags": [1, 2]}}, {"model": "main.goods", "pk": 4, "fields": {"name": "SCCM", "description": "System Center Configuration Manager 2012", "seller": 2, "weight": 0.0, "category": 4, "manufacturer": "Microsoft", "size": null, "rating": 4.0, "price": 3000.0, "discount": 0.0, "image": "", "creation_date": "2021-04-16", "views_counter": 0, "in_stock": 0, "tags": [1, 5]}}, {"model": "main.goods", "pk": 5, "fields": {"name": "SCOM", "description": "System Center Operations Manager 2012", "seller": 2, "weight": 0.0, "category": 4, "manufacturer": "Microsoft", "size": null, "rating": 4.0, "price": 3000.0, "discount": 0.0, "image": "", "creation_date": "2021-04-16", "views_counter": 0, "in_stock": 0, "tags": [1, 5]}}, {"model": "main.goods", "pk": 6, "fields": {"name": "SCSM", "description": "System Center Service Manager 2012", "seller": 2, "weight": 0.0, "category": 4, "manufacturer": "Microsoft", "size": null, "rating": 4.0, "price": 3000.0, "discount": 0.0, "image": "", "creation_date": "2021-04-16", "views_counter": 0, "in_stock": 0, "tags": [1, 5]}}, {"model": "main.goods", "pk": 7, "fields": {"name": "SCO", "description": "System Center Orchestrator 2012", "seller": 2, "weight": 0.0, "category": 4, "manufacturer": "Microsoft", "size": null, "rating": 4.0, "price": 3000.0, "discount": 0.0, "image": "", "creation_date": "2021-04-16", "views_counter": 0, "in_stock": 0, "tags": [1, 5]}}, {"model": "main.goods", "pk": 8, "fields": {"name": "SCVMM", "description": "System Center Virtual Machine Manager 2012", "seller": 2, "weight": 0.0, "category": 4, "manufacturer": "Microsoft", "size": null, "rating": 4.0, "price": 3000.0, "discount": 0.0, "image": "", "creation_date": "2021-04-16", "views_counter": 0, "in_stock": 0, "tags": [1, 5]}}, {"model": "main.goods", "pk": 9, "fields": {"name": "Office 365", "description": "Office 365. Best office software", "seller": 2, "weight": 0.0, "category": 4, "manufacturer": "Microsoft", "size": null, "rating": 4.0, "price": 50.0, "discount": 0.0, "image": "", "creation_date": "2021-04-16", "views_counter": 0, "in_stock": 0, "tags": [1, 2]}}, {"model": "main.goods", "pk": 10, "fields": {"name": "PyCharm", "description": "IDE for Python and web-development", "seller": 2, "weight": 0.0, "category": 4, "manufacturer": "JetBrains", "size": null, "rating": 4.0, "price": 80.0, "discount": 0.0, "image": "", "creation_date": "2021-04-16", "views_counter": 0, "in_stock": 0, "tags": [1, 2, 6]}}, {"model": "main.goods", "pk": 11, "fields": {"name": "PhpStorm", "description": "IDE for PHP and web-development", "seller": 2, "weight": 0.0, "category": 4, "manufacturer": "JetBrains", "size": null, "rating": 4.0, "price": 80.0, "discount": 0.0, "image": "", "creation_date": "2021-04-16", "views_counter": 0, "in_stock": 0, "tags": [1, 2, 6]}}, {"model": "main.goods", "pk": 12, "fields": {"name": "Vacuum cleaner", "description": "Portable vacuum cleaner", "seller": 2, "weight": 3.0, "category": 3, "manufacturer": "Tefal", "size": null, "rating": 5.0, "price": 400.0, "discount": 0.0, "image": "", "creation_date": "2021-04-16", "views_counter": 0, "in_stock": 0, "tags": [1]}}, {"model": "main.goods", "pk": 13, "fields": {"name": "Unicron Toy", "description": "Just a simple unicorn toy", "seller": 2, "weight": 0.5, "category": 1, "manufacturer": "Uncle Liao", "size": null, "rating": 5.0, "price": 10.0, "discount": 0.0, "image": "", "creation_date": "2021-04-16", "views_counter": 0, "in_stock": 0, "tags": [2, 4]}}, {"model": "main.goods", "pk": 14, "fields": {"name": "Tratata", "description": "Lolkekcheburek", "seller": 2, "weight": null, "category": 3, "manufacturer": "Noname", "size": null, "rating": 5.0, "price": 0.0, "discount": 100.0, "image": "", "creation_date": "2021-04-16", "views_counter": 0, "in_stock": 0, "tags": [4]}}, {"model": "main.goods", "pk": 15, "fields": {"name": "Tratata2", "description": "Lolkekcheburek", "seller": 2, "weight": null, "category": 3, "manufacturer": "Noname", "size": null, "rating": 5.0, "price": 0.0, "discount": 100.0, "image": "", "creation_date": "2021-04-16", "views_counter": 0, "in_stock": 0, "tags": [4]}}, {"model": "main.goods", "pk": 16, "fields": {"name": "Tratata3", "description": "Lolkekcheburek", "seller": 2, "weight": null, "category": 3, "manufacturer": "Noname", "size": null, "rating": 5.0, "price": 0.0, "discount": 50.0, "image": "", "creation_date": "2021-04-16", "views_counter": 0, "in_stock": 0, "tags": [4]}}, {"model": "main.goods", "pk": 18, "fields": {"name": "Говно", "description": "из жопы твоей", "seller": 2, "weight": 1.0, "category": 1, "manufacturer": "Твоё очко", "size": null, "rating": 5.0, "price": 10.0, "discount": 10.0, "image": "", "creation_date": "2021-04-16", "views_counter": 0, "in_stock": 0, "tags": [4]}}, {"model": "main.goods", "pk": 19, "fields": {"name": "Паттерн", "description": "Паттерн для наёба нейронки 11", "seller": 2, "weight": null, "category": 1, "manufacturer": "Какой-то рандом", "size": null, "rating": 5.0, "price": 50.0, "discount": 0.0, "image": "media/goods/1_xW859CF2JgQCj3ilZ9pY9w.jpeg", "creation_date": "2021-04-16", "views_counter": 0, "in_stock": 0, "tags": [1]}}, {"model": "main.goods", "pk": 21, "fields": {"name": "Прекрасный Вован", "description": "Вован прекрасный, слегка б\\у", "seller": 2, "weight": 102.0, "category": 1, "manufacturer": "Мамка Вована", "size": "L", "rating": 5.0, "price": 1000.0, "discount": 0.0, "image": "goods/photo_2021-02-13_00-53-22.jpg", "creation_date": "2021-04-16", "views_counter": 0, "in_stock": 0, "tags": [1, 4]}}, {"model": "main.goods", "pk": 22, "fields": {"name": "Пушка из д2", "description": "Пушка топ", "seller": 2, "weight": null, "category": 1, "manufacturer": "Мамка Вована", "size": "L", "rating": 5.0, "price": 10.0, "discount": 0.0, "image": "goods/033.png", "creation_date": "2021-04-16", "views_counter": 0, "in_stock": 0, "tags": []}}, {"model": "main.goods", "pk": 23, "fields": {"name": "Тысяча чертей", "description": "Реально тысяча", "seller": 2, "weight": 1000.0, "category": 1, "manufacturer": "Боярский", "size": null, "rating": 5.0, "price": 50.0, "discount": 0.0, "image": "goods/image_2021-03-15_10-55-12.png", "creation_date": "2021-04-16", "views_counter": 0, "in_stock": 0, "tags": []}}, {"model": "main.goods", "pk": 24, "fields": {"name": "Тысяча чертей", "description": "Реально тысяча!", "seller": 2, "weight": 1000.0, "category": 1, "manufacturer": "Боярский", "size": null, "rating": 5.0, "price": 49.0, "discount": 0.0, "image": "goods/image_2021-03-15_10-55-12_YrMdcRh.png", "creation_date": "2021-04-16", "views_counter": 0, "in_stock": 0, "tags": [2, 4]}}, {"model": "main.goods", "pk": 25, "fields": {"name": "Влажные фантазии", "description": "Вовкины влажные фантазии про будущее", "seller": 2, "weight": 1.0, "category": 1, "manufacturer": "Крокодил", "size": null, "rating": 5.0, "price": 5.0, "discount": 0.0, "image": "goods/retro_future_ivan.jpg", "creation_date": "2021-04-16", "views_counter": 0, "in_stock": 0, "tags": [4]}}, {"model": "main.goods", "pk": 30, "fields": {"name": "Жопа Артемия Лебедева", "description": "Долго. Дорого. На любителя", "seller": 2, "weight": 50.0, "category": 1, "manufacturer": "Татьяна Лебедева", "size": "L", "rating": 5.0, "price": 100000.0, "discount": 90.0, "image": "goods/Lebedev_xgTBHNv.jpg", "creation_date": "2021-04-17", "views_counter": 0, "in_stock": 0, "tags": [1, 2]}}, {"model": "main.subscriptions", "pk": 1, "fields": {"name": "New goods"}}, {"model": "main.profile", "pk": 1, "fields": {"user": 1, "phone_number": "+79688312219", "is_phone_confirmed": true, "birth_date": "1924-03-03", "avatar": "user_profile/photo_2021-02-13_00-53-22_XJqW2ND.jpg", "subsciber": [1]}}, {"model": "main.profile", "pk": 4, "fields": {"user": 10, "phone_number": "", "is_phone_confirmed": false, "birth_date": null, "avatar": "", "subsciber": []}}, {"model": "main.profile", "pk": 6, "fields": {"user": 12, "phone_number": "", "is_phone_confirmed": false, "birth_date": null, "avatar": "", "subsciber": []}}, {"model": "main.smslog", "pk": 1, "fields": {"user": 1, "code": 5179, "message": "gAJjdHdpbGlvLnJlc3QuYXBpLnYyMDEwLmFjY291bnQubWVzc2FnZQpNZXNzYWdlSW5zdGFuY2UKcQApgXEBfXECKFgIAAAAX3ZlcnNpb25xA2N0d2lsaW8ucmVzdC5hcGkudjIwMTAKVjIwMTAKcQQpgXEFfXEGKFgGAAAAZG9tYWlucQdjdHdpbGlvLnJlc3QuYXBpCkFwaQpxCCmBcQl9cQooWAYAAAB0d2lsaW9xC2N0d2lsaW8ucmVzdApDbGllbnQKcQwpgXENfXEOKFgIAAAAdXNlcm5hbWVxD1giAAAAQUM3MTc0YjQ4OTk2ZmYyYWZmZWViZWIzZjI0ZGMwYzMwN3EQWAgAAABwYXNzd29yZHERWCAAAAA2YzZmMzNkMTAyOWU3ZTRmNDRiMWQ2ZTk4YmYxMTkxZHESWAsAAABhY2NvdW50X3NpZHETaBBYBAAAAGVkZ2VxFE5YBgAAAHJlZ2lvbnEVTlgEAAAAYXV0aHEWaBBoEoZxF1gLAAAAaHR0cF9jbGllbnRxGGN0d2lsaW8uaHR0cC5odHRwX2NsaWVudApUd2lsaW9IdHRwQ2xpZW50CnEZKYFxGn1xGyhYBwAAAHNlc3Npb25xHGNyZXF1ZXN0cy5zZXNzaW9ucwpTZXNzaW9uCnEdKYFxHn1xHyhYBwAAAGhlYWRlcnNxIGNyZXF1ZXN0cy5zdHJ1Y3R1cmVzCkNhc2VJbnNlbnNpdGl2ZURpY3QKcSEpgXEifXEjWAYAAABfc3RvcmVxJGNjb2xsZWN0aW9ucwpPcmRlcmVkRGljdApxJSlScSYoWAoAAAB1c2VyLWFnZW50cSdYCgAAAFVzZXItQWdlbnRxKFgWAAAAcHl0aG9uLXJlcXVlc3RzLzIuMjUuMXEphnEqWA8AAABhY2NlcHQtZW5jb2RpbmdxK1gPAAAAQWNjZXB0LUVuY29kaW5ncSxYDQAAAGd6aXAsIGRlZmxhdGVxLYZxLlgGAAAAYWNjZXB0cS9YBgAAAEFjY2VwdHEwWAMAAAAqLypxMYZxMlgKAAAAY29ubmVjdGlvbnEzWAoAAABDb25uZWN0aW9ucTRYCgAAAGtlZXAtYWxpdmVxNYZxNnVzYlgHAAAAY29va2llc3E3Y3JlcXVlc3RzLmNvb2tpZXMKUmVxdWVzdHNDb29raWVKYXIKcTgpgXE5fXE6KFgHAAAAX3BvbGljeXE7Y2Nvb2tpZWxpYgpEZWZhdWx0Q29va2llUG9saWN5CnE8KYFxPX1xPihYCAAAAG5ldHNjYXBlcT+IWAcAAAByZmMyOTY1cUCJWBMAAAByZmMyMTA5X2FzX25ldHNjYXBlcUFOWAwAAABoaWRlX2Nvb2tpZTJxQolYDQAAAHN0cmljdF9kb21haW5xQ4lYGwAAAHN0cmljdF9yZmMyOTY1X3VudmVyaWZpYWJsZXFEiFgWAAAAc3RyaWN0X25zX3VudmVyaWZpYWJsZXFFiVgQAAAAc3RyaWN0X25zX2RvbWFpbnFGSwBYHAAAAHN0cmljdF9uc19zZXRfaW5pdGlhbF9kb2xsYXJxR4lYEgAAAHN0cmljdF9uc19zZXRfcGF0aHFIiVgQAAAAc2VjdXJlX3Byb3RvY29sc3FJWAUAAABodHRwc3FKWAMAAAB3c3NxS4ZxTFgQAAAAX2Jsb2NrZWRfZG9tYWluc3FNKVgQAAAAX2FsbG93ZWRfZG9tYWluc3FOTlgEAAAAX25vd3FPSh6IfGB1YlgIAAAAX2Nvb2tpZXNxUH1xUVgEAAAAX25vd3FSSh6IfGB1YmgWTlgHAAAAcHJveGllc3FTfXFUWAUAAABob29rc3FVfXFWWAgAAAByZXNwb25zZXFXXXFYc1gGAAAAcGFyYW1zcVl9cVpYBgAAAHZlcmlmeXFbiFgEAAAAY2VydHFcTlgIAAAAYWRhcHRlcnNxXWglKVJxXihYCAAAAGh0dHBzOi8vcV9jcmVxdWVzdHMuYWRhcHRlcnMKSFRUUEFkYXB0ZXIKcWApgXFhfXFiKFgLAAAAbWF4X3JldHJpZXNxY2N1cmxsaWIzLnV0aWwucmV0cnkKUmV0cnkKcWQpgXFlfXFmKFgFAAAAdG90YWxxZ0sAWAcAAABjb25uZWN0cWhOWAQAAAByZWFkcWmJWAYAAABzdGF0dXNxak5YBQAAAG90aGVycWtOWAgAAAByZWRpcmVjdHFsTlgQAAAAc3RhdHVzX2ZvcmNlbGlzdHFtY19fYnVpbHRpbl9fCnNldApxbl1xb4VxcFJxcVgPAAAAYWxsb3dlZF9tZXRob2RzcXJjX19idWlsdGluX18KZnJvemVuc2V0CnFzXXF0KFgFAAAAVFJBQ0VxdVgDAAAAUFVUcXZYBAAAAEhFQURxd1gDAAAAR0VUcXhYBwAAAE9QVElPTlNxeVgGAAAAREVMRVRFcXplhXF7UnF8WA4AAABiYWNrb2ZmX2ZhY3RvcnF9SwBYEQAAAHJhaXNlX29uX3JlZGlyZWN0cX6IWA8AAAByYWlzZV9vbl9zdGF0dXNxf4hYBwAAAGhpc3RvcnlxgClYGgAAAHJlc3BlY3RfcmV0cnlfYWZ0ZXJfaGVhZGVycYGIWBoAAAByZW1vdmVfaGVhZGVyc19vbl9yZWRpcmVjdHGCaHNdcYNYDQAAAGF1dGhvcml6YXRpb25xhGGFcYVScYZ1YlgGAAAAY29uZmlncYd9cYhYEQAAAF9wb29sX2Nvbm5lY3Rpb25zcYlLClgNAAAAX3Bvb2xfbWF4c2l6ZXGKSwpYCwAAAF9wb29sX2Jsb2NrcYuJdWJYBwAAAGh0dHA6Ly9xjGhgKYFxjX1xjihoY2hkKYFxj31xkChoZ0sAaGhOaGmJaGpOaGtOaGxOaG1obl1xkYVxklJxk2hyaHxofUsAaH6IaH+IaIApaIGIaIJoc11xlFgNAAAAYXV0aG9yaXphdGlvbnGVYYVxllJxl3ViaId9cZhoiUsKaIpLCmiLiXVidVgGAAAAc3RyZWFtcZmJWAkAAAB0cnVzdF9lbnZxmohYDQAAAG1heF9yZWRpcmVjdHNxm0sedWJYDAAAAGxhc3RfcmVxdWVzdHGcY3R3aWxpby5odHRwLnJlcXVlc3QKUmVxdWVzdApxnSmBcZ59cZ8oWAYAAABtZXRob2RxoFgEAAAAUE9TVHGhWAMAAAB1cmxxolhbAAAAaHR0cHM6Ly9hcGkudHdpbGlvLmNvbS8yMDEwLTA0LTAxL0FjY291bnRzL0FDNzE3NGI0ODk5NmZmMmFmZmVlYmViM2YyNGRjMGMzMDcvTWVzc2FnZXMuanNvbnGjaBZoF2hZTlgEAAAAZGF0YXGkfXGlKFgCAAAAVG9xplgMAAAAKzc5Njg4MzEyMjE5cadYBAAAAEZyb21xqFgMAAAAKzEyMTMzMjIxMDM3calYBAAAAEJvZHlxqlgXAAAAVmlyaWZpY2F0aW9uIGNvZGU6IDUxNzlxq3VoIH1xrChYCgAAAFVzZXItQWdlbnRxrVgjAAAAdHdpbGlvLXB5dGhvbi82LjU2LjAgKFB5dGhvbiAzLjguNSlxrlgPAAAAWC1Ud2lsaW8tQ2xpZW50ca9YDQAAAHB5dGhvbi02LjU2LjBxsFgOAAAAQWNjZXB0LUNoYXJzZXRxsVgFAAAAdXRmLThxslgMAAAAQ29udGVudC1UeXBlcbNYIQAAAGFwcGxpY2F0aW9uL3gtd3d3LWZvcm0tdXJsZW5jb2RlZHG0aDBYEAAAAGFwcGxpY2F0aW9uL2pzb25xtXV1YlgNAAAAbGFzdF9yZXNwb25zZXG2Y3R3aWxpby5odHRwLnJlc3BvbnNlClJlc3BvbnNlCnG3KYFxuH1xuShYBwAAAGNvbnRlbnRxulg5AwAAeyJzaWQiOiAiU002MjFjODJjZWRjZWE0ODI0YTQzY2FjNWE2ZThjMmEzNCIsICJkYXRlX2NyZWF0ZWQiOiAiU3VuLCAxOCBBcHIgMjAyMSAxOToyNzoyNiArMDAwMCIsICJkYXRlX3VwZGF0ZWQiOiAiU3VuLCAxOCBBcHIgMjAyMSAxOToyNzoyNiArMDAwMCIsICJkYXRlX3NlbnQiOiBudWxsLCAiYWNjb3VudF9zaWQiOiAiQUM3MTc0YjQ4OTk2ZmYyYWZmZWViZWIzZjI0ZGMwYzMwNyIsICJ0byI6ICIrNzk2ODgzMTIyMTkiLCAiZnJvbSI6ICIrMTIxMzMyMjEwMzciLCAibWVzc2FnaW5nX3NlcnZpY2Vfc2lkIjogbnVsbCwgImJvZHkiOiAiU2VudCBmcm9tIHlvdXIgVHdpbGlvIHRyaWFsIGFjY291bnQgLSBWaXJpZmljYXRpb24gY29kZTogNTE3OSIsICJzdGF0dXMiOiAicXVldWVkIiwgIm51bV9zZWdtZW50cyI6ICIxIiwgIm51bV9tZWRpYSI6ICIwIiwgImRpcmVjdGlvbiI6ICJvdXRib3VuZC1hcGkiLCAiYXBpX3ZlcnNpb24iOiAiMjAxMC0wNC0wMSIsICJwcmljZSI6IG51bGwsICJwcmljZV91bml0IjogIlVTRCIsICJlcnJvcl9jb2RlIjogbnVsbCwgImVycm9yX21lc3NhZ2UiOiBudWxsLCAidXJpIjogIi8yMDEwLTA0LTAxL0FjY291bnRzL0FDNzE3NGI0ODk5NmZmMmFmZmVlYmViM2YyNGRjMGMzMDcvTWVzc2FnZXMvU002MjFjODJjZWRjZWE0ODI0YTQzY2FjNWE2ZThjMmEzNC5qc29uIiwgInN1YnJlc291cmNlX3VyaXMiOiB7Im1lZGlhIjogIi8yMDEwLTA0LTAxL0FjY291bnRzL0FDNzE3NGI0ODk5NmZmMmFmZmVlYmViM2YyNGRjMGMzMDcvTWVzc2FnZXMvU002MjFjODJjZWRjZWE0ODI0YTQzY2FjNWE2ZThjMmEzNC9NZWRpYS5qc29uIn19cbtoIGghKYFxvH1xvWgkaCUpUnG+KFgEAAAAZGF0ZXG/WAQAAABEYXRlccBYHQAAAFN1biwgMTggQXByIDIwMjEgMTk6Mjc6MjYgR01UccGGccJYDAAAAGNvbnRlbnQtdHlwZXHDWAwAAABDb250ZW50LVR5cGVxxFgfAAAAYXBwbGljYXRpb24vanNvbjsgY2hhcnNldD11dGYtOHHFhnHGWA4AAABjb250ZW50LWxlbmd0aHHHWA4AAABDb250ZW50LUxlbmd0aHHIWAMAAAA4MjVxyYZxylgKAAAAY29ubmVjdGlvbnHLWAoAAABDb25uZWN0aW9uccxYCgAAAGtlZXAtYWxpdmVxzYZxzlgaAAAAdHdpbGlvLWNvbmN1cnJlbnQtcmVxdWVzdHNxz1gaAAAAVHdpbGlvLUNvbmN1cnJlbnQtUmVxdWVzdHNx0FgBAAAAMXHRhnHSWBEAAAB0d2lsaW8tcmVxdWVzdC1pZHHTWBEAAABUd2lsaW8tUmVxdWVzdC1JZHHUWCIAAABSUTU2MDU4ZjU2MjA2MjE2ZGJhZjU0NWRhMDdiYzQ1NzczcdWGcdZYFwAAAHR3aWxpby1yZXF1ZXN0LWR1cmF0aW9ucddYFwAAAFR3aWxpby1SZXF1ZXN0LUR1cmF0aW9ucdhYBQAAADAuMDkxcdmGcdpYGwAAAGFjY2Vzcy1jb250cm9sLWFsbG93LW9yaWdpbnHbWBsAAABBY2Nlc3MtQ29udHJvbC1BbGxvdy1PcmlnaW5x3FgBAAAAKnHdhnHeWBwAAABhY2Nlc3MtY29udHJvbC1hbGxvdy1oZWFkZXJzcd9YHAAAAEFjY2Vzcy1Db250cm9sLUFsbG93LUhlYWRlcnNx4FhkAAAAQWNjZXB0LCBBdXRob3JpemF0aW9uLCBDb250ZW50LVR5cGUsIElmLU1hdGNoLCBJZi1Nb2RpZmllZC1TaW5jZSwgSWYtTm9uZS1NYXRjaCwgSWYtVW5tb2RpZmllZC1TaW5jZXHhhnHiWBwAAABhY2Nlc3MtY29udHJvbC1hbGxvdy1tZXRob2RzceNYHAAAAEFjY2Vzcy1Db250cm9sLUFsbG93LU1ldGhvZHNx5FgaAAAAR0VULCBQT1NULCBERUxFVEUsIE9QVElPTlNx5YZx5lgdAAAAYWNjZXNzLWNvbnRyb2wtZXhwb3NlLWhlYWRlcnNx51gdAAAAQWNjZXNzLUNvbnRyb2wtRXhwb3NlLUhlYWRlcnNx6FgEAAAARVRhZ3HphnHqWCAAAABhY2Nlc3MtY29udHJvbC1hbGxvdy1jcmVkZW50aWFsc3HrWCAAAABBY2Nlc3MtQ29udHJvbC1BbGxvdy1DcmVkZW50aWFsc3HsWAQAAAB0cnVlce2Gce5YDAAAAHgtcG93ZXJlZC1ieXHvWAwAAABYLVBvd2VyZWQtQnlx8FgHAAAAQVQtNTAwMHHxhnHyWA0AAAB4LXNoZW5hbmlnYW5zcfNYDQAAAFgtU2hlbmFuaWdhbnNx9FgEAAAAbm9uZXH1hnH2WA0AAAB4LWhvbWUtcmVnaW9ucfdYDQAAAFgtSG9tZS1SZWdpb25x+FgDAAAAdXMxcfmGcfpYDAAAAHgtYXBpLWRvbWFpbnH7WAwAAABYLUFQSS1Eb21haW5x/FgOAAAAYXBpLnR3aWxpby5jb21x/YZx/lgZAAAAc3RyaWN0LXRyYW5zcG9ydC1zZWN1cml0eXH/WBkAAABTdHJpY3QtVHJhbnNwb3J0LVNlY3VyaXR5cgABAABYEAAAAG1heC1hZ2U9MzE1MzYwMDByAQEAAIZyAgEAAHVzYlgGAAAAY2FjaGVkcgMBAACJWAsAAABzdGF0dXNfY29kZXIEAQAAS8lYAgAAAG9rcgUBAACIdWJYBgAAAGxvZ2dlcnIGAQAAY2xvZ2dpbmcKZ2V0TG9nZ2VyCnIHAQAAWBIAAAB0d2lsaW8uaHR0cF9jbGllbnRyCAEAAIVyCQEAAFJyCgEAAFgNAAAAcmVxdWVzdF9ob29rc3ILAQAAfXIMAQAAaFddcg0BAABzWAcAAAB0aW1lb3V0cg4BAABOWAUAAABwcm94eXIPAQAATnViWAkAAABfYWNjb3VudHNyEAEAAE5YBAAAAF9hcGlyEQEAAGgJWAoAAABfYXV0b3BpbG90chIBAABOWAUAAABfY2hhdHITAQAATlgOAAAAX2NvbnZlcnNhdGlvbnNyFAEAAE5YBwAAAF9ldmVudHNyFQEAAE5YBAAAAF9mYXhyFgEAAE5YCQAAAF9mbGV4X2FwaXIXAQAATlgJAAAAX2luc2lnaHRzchgBAABOWA0AAABfaXBfbWVzc2FnaW5nchkBAABOWAgAAABfbG9va3Vwc3IaAQAATlgKAAAAX21lc3NhZ2luZ3IbAQAATlgIAAAAX21vbml0b3JyHAEAAE5YBwAAAF9ub3RpZnlyHQEAAE5YCAAAAF9udW1iZXJzch4BAABOWAgAAABfcHJldmlld3IfAQAATlgIAAAAX3ByaWNpbmdyIAEAAE5YBgAAAF9wcm94eXIhAQAATlgLAAAAX3NlcnZlcmxlc3NyIgEAAE5YBwAAAF9zdHVkaW9yIwEAAE5YBQAAAF9zeW5jciQBAABOWAsAAABfdGFza3JvdXRlcnIlAQAATlgJAAAAX3RydW5raW5nciYBAABOWAkAAABfdHJ1c3RodWJyJwEAAE5YBwAAAF92ZXJpZnlyKAEAAE5YBgAAAF92aWRlb3IpAQAATlgGAAAAX3ZvaWNlcioBAABOWAkAAABfd2lyZWxlc3NyKwEAAE5YCQAAAF9zdXBlcnNpbXIsAQAATlgMAAAAX2J1bGtleHBvcnRzci0BAABOdWJYCAAAAGJhc2VfdXJsci4BAABYFgAAAGh0dHBzOi8vYXBpLnR3aWxpby5jb21yLwEAAFgGAAAAX3YyMDEwcjABAABoBXViWAcAAAB2ZXJzaW9ucjEBAABYCgAAADIwMTAtMDQtMDFyMgEAAGoQAQAATlgIAAAAX2FjY291bnRyMwEAAGN0d2lsaW8ucmVzdC5hcGkudjIwMTAuYWNjb3VudApBY2NvdW50Q29udGV4dApyNAEAACmBcjUBAAB9cjYBAAAoaANoBVgJAAAAX3NvbHV0aW9ucjcBAAB9cjgBAABYAwAAAHNpZHI5AQAAaBBzWAQAAABfdXJpcjoBAABYMQAAAC9BY2NvdW50cy9BQzcxNzRiNDg5OTZmZjJhZmZlZWJlYjNmMjRkYzBjMzA3Lmpzb25yOwEAAFgKAAAAX2FkZHJlc3Nlc3I8AQAATlgNAAAAX2FwcGxpY2F0aW9uc3I9AQAATlgYAAAAX2F1dGhvcml6ZWRfY29ubmVjdF9hcHBzcj4BAABOWBgAAABfYXZhaWxhYmxlX3Bob25lX251bWJlcnNyPwEAAE5YCAAAAF9iYWxhbmNlckABAABOWAYAAABfY2FsbHNyQQEAAE5YDAAAAF9jb25mZXJlbmNlc3JCAQAATlgNAAAAX2Nvbm5lY3RfYXBwc3JDAQAATlgXAAAAX2luY29taW5nX3Bob25lX251bWJlcnNyRAEAAE5YBQAAAF9rZXlzckUBAABOWAkAAABfbWVzc2FnZXNyRgEAAGN0d2lsaW8ucmVzdC5hcGkudjIwMTAuYWNjb3VudC5tZXNzYWdlCk1lc3NhZ2VMaXN0CnJHAQAAKYFySAEAAH1ySQEAAChoA2gFajcBAAB9ckoBAABYCwAAAGFjY291bnRfc2lkcksBAABoEHNqOgEAAFg6AAAAL0FjY291bnRzL0FDNzE3NGI0ODk5NmZmMmFmZmVlYmViM2YyNGRjMGMzMDcvTWVzc2FnZXMuanNvbnJMAQAAdWJYCQAAAF9uZXdfa2V5c3JNAQAATlgRAAAAX25ld19zaWduaW5nX2tleXNyTgEAAE5YDgAAAF9ub3RpZmljYXRpb25zck8BAABOWBQAAABfb3V0Z29pbmdfY2FsbGVyX2lkc3JQAQAATlgHAAAAX3F1ZXVlc3JRAQAATlgLAAAAX3JlY29yZGluZ3NyUgEAAE5YDQAAAF9zaWduaW5nX2tleXNyUwEAAE5YBAAAAF9zaXByVAEAAE5YDAAAAF9zaG9ydF9jb2Rlc3JVAQAATlgHAAAAX3Rva2Vuc3JWAQAATlgPAAAAX3RyYW5zY3JpcHRpb25zclcBAABOWAYAAABfdXNhZ2VyWAEAAE5YFAAAAF92YWxpZGF0aW9uX3JlcXVlc3RzclkBAABOdWJ1YlgLAAAAX3Byb3BlcnRpZXNyWgEAAH1yWwEAAChYBAAAAGJvZHlyXAEAAFg9AAAAU2VudCBmcm9tIHlvdXIgVHdpbGlvIHRyaWFsIGFjY291bnQgLSBWaXJpZmljYXRpb24gY29kZTogNTE3OXJdAQAAWAwAAABudW1fc2VnbWVudHNyXgEAAGjRWAkAAABkaXJlY3Rpb25yXwEAAFgMAAAAb3V0Ym91bmQtYXBpcmABAABYBQAAAGZyb21fcmEBAABYDAAAACsxMjEzMzIyMTAzN3JiAQAAWAIAAAB0b3JjAQAAWAwAAAArNzk2ODgzMTIyMTlyZAEAAFgMAAAAZGF0ZV91cGRhdGVkcmUBAABjZGF0ZXRpbWUKZGF0ZXRpbWUKcmYBAABjX2NvZGVjcwplbmNvZGUKcmcBAABYCwAAAAfDpQQSExsaAAAAcmgBAABYBgAAAGxhdGluMXJpAQAAhnJqAQAAUnJrAQAAY3B5dHoKX1VUQwpybAEAAClScm0BAACGcm4BAABScm8BAABYBQAAAHByaWNlcnABAABOWA0AAABlcnJvcl9tZXNzYWdlcnEBAABOWAMAAAB1cmlycgEAAFhoAAAALzIwMTAtMDQtMDEvQWNjb3VudHMvQUM3MTc0YjQ4OTk2ZmYyYWZmZWViZWIzZjI0ZGMwYzMwNy9NZXNzYWdlcy9TTTYyMWM4MmNlZGNlYTQ4MjRhNDNjYWM1YTZlOGMyYTM0Lmpzb25ycwEAAGpLAQAAWCIAAABBQzcxNzRiNDg5OTZmZjJhZmZlZWJlYjNmMjRkYzBjMzA3cnQBAABYCQAAAG51bV9tZWRpYXJ1AQAAWAEAAAAwcnYBAABYBgAAAHN0YXR1c3J3AQAAWAYAAABxdWV1ZWRyeAEAAFgVAAAAbWVzc2FnaW5nX3NlcnZpY2Vfc2lkcnkBAABOajkBAABYIgAAAFNNNjIxYzgyY2VkY2VhNDgyNGE0M2NhYzVhNmU4YzJhMzRyegEAAFgJAAAAZGF0ZV9zZW50cnsBAABOWAwAAABkYXRlX2NyZWF0ZWRyfAEAAGpmAQAAamcBAABYCwAAAAfDpQQSExsaAAAAcn0BAABqaQEAAIZyfgEAAFJyfwEAAGptAQAAhnKAAQAAUnKBAQAAWAoAAABlcnJvcl9jb2RlcoIBAABOWAoAAABwcmljZV91bml0coMBAABYAwAAAFVTRHKEAQAAWAsAAABhcGlfdmVyc2lvbnKFAQAAWAoAAAAyMDEwLTA0LTAxcoYBAABYEAAAAHN1YnJlc291cmNlX3VyaXNyhwEAAH1yiAEAAFgFAAAAbWVkaWFyiQEAAFhuAAAALzIwMTAtMDQtMDEvQWNjb3VudHMvQUM3MTc0YjQ4OTk2ZmYyYWZmZWViZWIzZjI0ZGMwYzMwNy9NZXNzYWdlcy9TTTYyMWM4MmNlZGNlYTQ4MjRhNDNjYWM1YTZlOGMyYTM0L01lZGlhLmpzb25yigEAAHN1WAgAAABfY29udGV4dHKLAQAATmo3AQAAfXKMAQAAKGpLAQAAaBBqOQEAAGp6AQAAdXViLg==", "creation_date": "2021-04-18T19:27:26.113Z"}}, {"model": "main.smslog", "pk": 2, "fields": {"user": 1, "code": 9587, "message": "gAJjdHdpbGlvLnJlc3QuYXBpLnYyMDEwLmFjY291bnQubWVzc2FnZQpNZXNzYWdlSW5zdGFuY2UKcQApgXEBfXECKFgIAAAAX3ZlcnNpb25xA2N0d2lsaW8ucmVzdC5hcGkudjIwMTAKVjIwMTAKcQQpgXEFfXEGKFgGAAAAZG9tYWlucQdjdHdpbGlvLnJlc3QuYXBpCkFwaQpxCCmBcQl9cQooWAYAAAB0d2lsaW9xC2N0d2lsaW8ucmVzdApDbGllbnQKcQwpgXENfXEOKFgIAAAAdXNlcm5hbWVxD1giAAAAQUM3MTc0YjQ4OTk2ZmYyYWZmZWViZWIzZjI0ZGMwYzMwN3EQWAgAAABwYXNzd29yZHERWCAAAAA2YzZmMzNkMTAyOWU3ZTRmNDRiMWQ2ZTk4YmYxMTkxZHESWAsAAABhY2NvdW50X3NpZHETaBBYBAAAAGVkZ2VxFE5YBgAAAHJlZ2lvbnEVTlgEAAAAYXV0aHEWaBBoEoZxF1gLAAAAaHR0cF9jbGllbnRxGGN0d2lsaW8uaHR0cC5odHRwX2NsaWVudApUd2lsaW9IdHRwQ2xpZW50CnEZKYFxGn1xGyhYBwAAAHNlc3Npb25xHGNyZXF1ZXN0cy5zZXNzaW9ucwpTZXNzaW9uCnEdKYFxHn1xHyhYBwAAAGhlYWRlcnNxIGNyZXF1ZXN0cy5zdHJ1Y3R1cmVzCkNhc2VJbnNlbnNpdGl2ZURpY3QKcSEpgXEifXEjWAYAAABfc3RvcmVxJGNjb2xsZWN0aW9ucwpPcmRlcmVkRGljdApxJSlScSYoWAoAAAB1c2VyLWFnZW50cSdYCgAAAFVzZXItQWdlbnRxKFgWAAAAcHl0aG9uLXJlcXVlc3RzLzIuMjUuMXEphnEqWA8AAABhY2NlcHQtZW5jb2RpbmdxK1gPAAAAQWNjZXB0LUVuY29kaW5ncSxYDQAAAGd6aXAsIGRlZmxhdGVxLYZxLlgGAAAAYWNjZXB0cS9YBgAAAEFjY2VwdHEwWAMAAAAqLypxMYZxMlgKAAAAY29ubmVjdGlvbnEzWAoAAABDb25uZWN0aW9ucTRYCgAAAGtlZXAtYWxpdmVxNYZxNnVzYlgHAAAAY29va2llc3E3Y3JlcXVlc3RzLmNvb2tpZXMKUmVxdWVzdHNDb29raWVKYXIKcTgpgXE5fXE6KFgHAAAAX3BvbGljeXE7Y2Nvb2tpZWxpYgpEZWZhdWx0Q29va2llUG9saWN5CnE8KYFxPX1xPihYCAAAAG5ldHNjYXBlcT+IWAcAAAByZmMyOTY1cUCJWBMAAAByZmMyMTA5X2FzX25ldHNjYXBlcUFOWAwAAABoaWRlX2Nvb2tpZTJxQolYDQAAAHN0cmljdF9kb21haW5xQ4lYGwAAAHN0cmljdF9yZmMyOTY1X3VudmVyaWZpYWJsZXFEiFgWAAAAc3RyaWN0X25zX3VudmVyaWZpYWJsZXFFiVgQAAAAc3RyaWN0X25zX2RvbWFpbnFGSwBYHAAAAHN0cmljdF9uc19zZXRfaW5pdGlhbF9kb2xsYXJxR4lYEgAAAHN0cmljdF9uc19zZXRfcGF0aHFIiVgQAAAAc2VjdXJlX3Byb3RvY29sc3FJWAUAAABodHRwc3FKWAMAAAB3c3NxS4ZxTFgQAAAAX2Jsb2NrZWRfZG9tYWluc3FNKVgQAAAAX2FsbG93ZWRfZG9tYWluc3FOTlgEAAAAX25vd3FPSieJfGB1YlgIAAAAX2Nvb2tpZXNxUH1xUVgEAAAAX25vd3FSSieJfGB1YmgWTlgHAAAAcHJveGllc3FTfXFUWAUAAABob29rc3FVfXFWWAgAAAByZXNwb25zZXFXXXFYc1gGAAAAcGFyYW1zcVl9cVpYBgAAAHZlcmlmeXFbiFgEAAAAY2VydHFcTlgIAAAAYWRhcHRlcnNxXWglKVJxXihYCAAAAGh0dHBzOi8vcV9jcmVxdWVzdHMuYWRhcHRlcnMKSFRUUEFkYXB0ZXIKcWApgXFhfXFiKFgLAAAAbWF4X3JldHJpZXNxY2N1cmxsaWIzLnV0aWwucmV0cnkKUmV0cnkKcWQpgXFlfXFmKFgFAAAAdG90YWxxZ0sAWAcAAABjb25uZWN0cWhOWAQAAAByZWFkcWmJWAYAAABzdGF0dXNxak5YBQAAAG90aGVycWtOWAgAAAByZWRpcmVjdHFsTlgQAAAAc3RhdHVzX2ZvcmNlbGlzdHFtY19fYnVpbHRpbl9fCnNldApxbl1xb4VxcFJxcVgPAAAAYWxsb3dlZF9tZXRob2RzcXJjX19idWlsdGluX18KZnJvemVuc2V0CnFzXXF0KFgFAAAAVFJBQ0VxdVgDAAAAUFVUcXZYBAAAAEhFQURxd1gDAAAAR0VUcXhYBwAAAE9QVElPTlNxeVgGAAAAREVMRVRFcXplhXF7UnF8WA4AAABiYWNrb2ZmX2ZhY3RvcnF9SwBYEQAAAHJhaXNlX29uX3JlZGlyZWN0cX6IWA8AAAByYWlzZV9vbl9zdGF0dXNxf4hYBwAAAGhpc3RvcnlxgClYGgAAAHJlc3BlY3RfcmV0cnlfYWZ0ZXJfaGVhZGVycYGIWBoAAAByZW1vdmVfaGVhZGVyc19vbl9yZWRpcmVjdHGCaHNdcYNYDQAAAGF1dGhvcml6YXRpb25xhGGFcYVScYZ1YlgGAAAAY29uZmlncYd9cYhYEQAAAF9wb29sX2Nvbm5lY3Rpb25zcYlLClgNAAAAX3Bvb2xfbWF4c2l6ZXGKSwpYCwAAAF9wb29sX2Jsb2NrcYuJdWJYBwAAAGh0dHA6Ly9xjGhgKYFxjX1xjihoY2hkKYFxj31xkChoZ0sAaGhOaGmJaGpOaGtOaGxOaG1obl1xkYVxklJxk2hyaHxofUsAaH6IaH+IaIApaIGIaIJoc11xlFgNAAAAYXV0aG9yaXphdGlvbnGVYYVxllJxl3ViaId9cZhoiUsKaIpLCmiLiXVidVgGAAAAc3RyZWFtcZmJWAkAAAB0cnVzdF9lbnZxmohYDQAAAG1heF9yZWRpcmVjdHNxm0sedWJYDAAAAGxhc3RfcmVxdWVzdHGcY3R3aWxpby5odHRwLnJlcXVlc3QKUmVxdWVzdApxnSmBcZ59cZ8oWAYAAABtZXRob2RxoFgEAAAAUE9TVHGhWAMAAAB1cmxxolhbAAAAaHR0cHM6Ly9hcGkudHdpbGlvLmNvbS8yMDEwLTA0LTAxL0FjY291bnRzL0FDNzE3NGI0ODk5NmZmMmFmZmVlYmViM2YyNGRjMGMzMDcvTWVzc2FnZXMuanNvbnGjaBZoF2hZTlgEAAAAZGF0YXGkfXGlKFgCAAAAVG9xplgMAAAAKzc5Njg4MzEyMjE5cadYBAAAAEZyb21xqFgMAAAAKzEyMTMzMjIxMDM3calYBAAAAEJvZHlxqlgXAAAAVmlyaWZpY2F0aW9uIGNvZGU6IDk1ODdxq3VoIH1xrChYCgAAAFVzZXItQWdlbnRxrVgjAAAAdHdpbGlvLXB5dGhvbi82LjU2LjAgKFB5dGhvbiAzLjguNSlxrlgPAAAAWC1Ud2lsaW8tQ2xpZW50ca9YDQAAAHB5dGhvbi02LjU2LjBxsFgOAAAAQWNjZXB0LUNoYXJzZXRxsVgFAAAAdXRmLThxslgMAAAAQ29udGVudC1UeXBlcbNYIQAAAGFwcGxpY2F0aW9uL3gtd3d3LWZvcm0tdXJsZW5jb2RlZHG0aDBYEAAAAGFwcGxpY2F0aW9uL2pzb25xtXV1YlgNAAAAbGFzdF9yZXNwb25zZXG2Y3R3aWxpby5odHRwLnJlc3BvbnNlClJlc3BvbnNlCnG3KYFxuH1xuShYBwAAAGNvbnRlbnRxulg5AwAAeyJzaWQiOiAiU01lODZjZTBhMGZmNWM0MTdkODhiMTI1MDJhYWY0OWM4NCIsICJkYXRlX2NyZWF0ZWQiOiAiU3VuLCAxOCBBcHIgMjAyMSAxOTozMTo1MSArMDAwMCIsICJkYXRlX3VwZGF0ZWQiOiAiU3VuLCAxOCBBcHIgMjAyMSAxOTozMTo1MSArMDAwMCIsICJkYXRlX3NlbnQiOiBudWxsLCAiYWNjb3VudF9zaWQiOiAiQUM3MTc0YjQ4OTk2ZmYyYWZmZWViZWIzZjI0ZGMwYzMwNyIsICJ0byI6ICIrNzk2ODgzMTIyMTkiLCAiZnJvbSI6ICIrMTIxMzMyMjEwMzciLCAibWVzc2FnaW5nX3NlcnZpY2Vfc2lkIjogbnVsbCwgImJvZHkiOiAiU2VudCBmcm9tIHlvdXIgVHdpbGlvIHRyaWFsIGFjY291bnQgLSBWaXJpZmljYXRpb24gY29kZTogOTU4NyIsICJzdGF0dXMiOiAicXVldWVkIiwgIm51bV9zZWdtZW50cyI6ICIxIiwgIm51bV9tZWRpYSI6ICIwIiwgImRpcmVjdGlvbiI6ICJvdXRib3VuZC1hcGkiLCAiYXBpX3ZlcnNpb24iOiAiMjAxMC0wNC0wMSIsICJwcmljZSI6IG51bGwsICJwcmljZV91bml0IjogIlVTRCIsICJlcnJvcl9jb2RlIjogbnVsbCwgImVycm9yX21lc3NhZ2UiOiBudWxsLCAidXJpIjogIi8yMDEwLTA0LTAxL0FjY291bnRzL0FDNzE3NGI0ODk5NmZmMmFmZmVlYmViM2YyNGRjMGMzMDcvTWVzc2FnZXMvU01lODZjZTBhMGZmNWM0MTdkODhiMTI1MDJhYWY0OWM4NC5qc29uIiwgInN1YnJlc291cmNlX3VyaXMiOiB7Im1lZGlhIjogIi8yMDEwLTA0LTAxL0FjY291bnRzL0FDNzE3NGI0ODk5NmZmMmFmZmVlYmViM2YyNGRjMGMzMDcvTWVzc2FnZXMvU01lODZjZTBhMGZmNWM0MTdkODhiMTI1MDJhYWY0OWM4NC9NZWRpYS5qc29uIn19cbtoIGghKYFxvH1xvWgkaCUpUnG+KFgEAAAAZGF0ZXG/WAQAAABEYXRlccBYHQAAAFN1biwgMTggQXByIDIwMjEgMTk6MzE6NTEgR01UccGGccJYDAAAAGNvbnRlbnQtdHlwZXHDWAwAAABDb250ZW50LVR5cGVxxFgfAAAAYXBwbGljYXRpb24vanNvbjsgY2hhcnNldD11dGYtOHHFhnHGWA4AAABjb250ZW50LWxlbmd0aHHHWA4AAABDb250ZW50LUxlbmd0aHHIWAMAAAA4MjVxyYZxylgKAAAAY29ubmVjdGlvbnHLWAoAAABDb25uZWN0aW9uccxYCgAAAGtlZXAtYWxpdmVxzYZxzlgaAAAAdHdpbGlvLWNvbmN1cnJlbnQtcmVxdWVzdHNxz1gaAAAAVHdpbGlvLUNvbmN1cnJlbnQtUmVxdWVzdHNx0FgBAAAAMXHRhnHSWBEAAAB0d2lsaW8tcmVxdWVzdC1pZHHTWBEAAABUd2lsaW8tUmVxdWVzdC1JZHHUWCIAAABSUTkxNjZhNGEzZDJmZmVlMjIwMDA4YzUyMmIzZTNhN2RmcdWGcdZYFwAAAHR3aWxpby1yZXF1ZXN0LWR1cmF0aW9ucddYFwAAAFR3aWxpby1SZXF1ZXN0LUR1cmF0aW9ucdhYBQAAADAuMTE3cdmGcdpYGwAAAGFjY2Vzcy1jb250cm9sLWFsbG93LW9yaWdpbnHbWBsAAABBY2Nlc3MtQ29udHJvbC1BbGxvdy1PcmlnaW5x3FgBAAAAKnHdhnHeWBwAAABhY2Nlc3MtY29udHJvbC1hbGxvdy1oZWFkZXJzcd9YHAAAAEFjY2Vzcy1Db250cm9sLUFsbG93LUhlYWRlcnNx4FhkAAAAQWNjZXB0LCBBdXRob3JpemF0aW9uLCBDb250ZW50LVR5cGUsIElmLU1hdGNoLCBJZi1Nb2RpZmllZC1TaW5jZSwgSWYtTm9uZS1NYXRjaCwgSWYtVW5tb2RpZmllZC1TaW5jZXHhhnHiWBwAAABhY2Nlc3MtY29udHJvbC1hbGxvdy1tZXRob2RzceNYHAAAAEFjY2Vzcy1Db250cm9sLUFsbG93LU1ldGhvZHNx5FgaAAAAR0VULCBQT1NULCBERUxFVEUsIE9QVElPTlNx5YZx5lgdAAAAYWNjZXNzLWNvbnRyb2wtZXhwb3NlLWhlYWRlcnNx51gdAAAAQWNjZXNzLUNvbnRyb2wtRXhwb3NlLUhlYWRlcnNx6FgEAAAARVRhZ3HphnHqWCAAAABhY2Nlc3MtY29udHJvbC1hbGxvdy1jcmVkZW50aWFsc3HrWCAAAABBY2Nlc3MtQ29udHJvbC1BbGxvdy1DcmVkZW50aWFsc3HsWAQAAAB0cnVlce2Gce5YDAAAAHgtcG93ZXJlZC1ieXHvWAwAAABYLVBvd2VyZWQtQnlx8FgHAAAAQVQtNTAwMHHxhnHyWA0AAAB4LXNoZW5hbmlnYW5zcfNYDQAAAFgtU2hlbmFuaWdhbnNx9FgEAAAAbm9uZXH1hnH2WA0AAAB4LWhvbWUtcmVnaW9ucfdYDQAAAFgtSG9tZS1SZWdpb25x+FgDAAAAdXMxcfmGcfpYDAAAAHgtYXBpLWRvbWFpbnH7WAwAAABYLUFQSS1Eb21haW5x/FgOAAAAYXBpLnR3aWxpby5jb21x/YZx/lgZAAAAc3RyaWN0LXRyYW5zcG9ydC1zZWN1cml0eXH/WBkAAABTdHJpY3QtVHJhbnNwb3J0LVNlY3VyaXR5cgABAABYEAAAAG1heC1hZ2U9MzE1MzYwMDByAQEAAIZyAgEAAHVzYlgGAAAAY2FjaGVkcgMBAACJWAsAAABzdGF0dXNfY29kZXIEAQAAS8lYAgAAAG9rcgUBAACIdWJYBgAAAGxvZ2dlcnIGAQAAY2xvZ2dpbmcKZ2V0TG9nZ2VyCnIHAQAAWBIAAAB0d2lsaW8uaHR0cF9jbGllbnRyCAEAAIVyCQEAAFJyCgEAAFgNAAAAcmVxdWVzdF9ob29rc3ILAQAAfXIMAQAAaFddcg0BAABzWAcAAAB0aW1lb3V0cg4BAABOWAUAAABwcm94eXIPAQAATnViWAkAAABfYWNjb3VudHNyEAEAAE5YBAAAAF9hcGlyEQEAAGgJWAoAAABfYXV0b3BpbG90chIBAABOWAUAAABfY2hhdHITAQAATlgOAAAAX2NvbnZlcnNhdGlvbnNyFAEAAE5YBwAAAF9ldmVudHNyFQEAAE5YBAAAAF9mYXhyFgEAAE5YCQAAAF9mbGV4X2FwaXIXAQAATlgJAAAAX2luc2lnaHRzchgBAABOWA0AAABfaXBfbWVzc2FnaW5nchkBAABOWAgAAABfbG9va3Vwc3IaAQAATlgKAAAAX21lc3NhZ2luZ3IbAQAATlgIAAAAX21vbml0b3JyHAEAAE5YBwAAAF9ub3RpZnlyHQEAAE5YCAAAAF9udW1iZXJzch4BAABOWAgAAABfcHJldmlld3IfAQAATlgIAAAAX3ByaWNpbmdyIAEAAE5YBgAAAF9wcm94eXIhAQAATlgLAAAAX3NlcnZlcmxlc3NyIgEAAE5YBwAAAF9zdHVkaW9yIwEAAE5YBQAAAF9zeW5jciQBAABOWAsAAABfdGFza3JvdXRlcnIlAQAATlgJAAAAX3RydW5raW5nciYBAABOWAkAAABfdHJ1c3RodWJyJwEAAE5YBwAAAF92ZXJpZnlyKAEAAE5YBgAAAF92aWRlb3IpAQAATlgGAAAAX3ZvaWNlcioBAABOWAkAAABfd2lyZWxlc3NyKwEAAE5YCQAAAF9zdXBlcnNpbXIsAQAATlgMAAAAX2J1bGtleHBvcnRzci0BAABOdWJYCAAAAGJhc2VfdXJsci4BAABYFgAAAGh0dHBzOi8vYXBpLnR3aWxpby5jb21yLwEAAFgGAAAAX3YyMDEwcjABAABoBXViWAcAAAB2ZXJzaW9ucjEBAABYCgAAADIwMTAtMDQtMDFyMgEAAGoQAQAATlgIAAAAX2FjY291bnRyMwEAAGN0d2lsaW8ucmVzdC5hcGkudjIwMTAuYWNjb3VudApBY2NvdW50Q29udGV4dApyNAEAACmBcjUBAAB9cjYBAAAoaANoBVgJAAAAX3NvbHV0aW9ucjcBAAB9cjgBAABYAwAAAHNpZHI5AQAAaBBzWAQAAABfdXJpcjoBAABYMQAAAC9BY2NvdW50cy9BQzcxNzRiNDg5OTZmZjJhZmZlZWJlYjNmMjRkYzBjMzA3Lmpzb25yOwEAAFgKAAAAX2FkZHJlc3Nlc3I8AQAATlgNAAAAX2FwcGxpY2F0aW9uc3I9AQAATlgYAAAAX2F1dGhvcml6ZWRfY29ubmVjdF9hcHBzcj4BAABOWBgAAABfYXZhaWxhYmxlX3Bob25lX251bWJlcnNyPwEAAE5YCAAAAF9iYWxhbmNlckABAABOWAYAAABfY2FsbHNyQQEAAE5YDAAAAF9jb25mZXJlbmNlc3JCAQAATlgNAAAAX2Nvbm5lY3RfYXBwc3JDAQAATlgXAAAAX2luY29taW5nX3Bob25lX251bWJlcnNyRAEAAE5YBQAAAF9rZXlzckUBAABOWAkAAABfbWVzc2FnZXNyRgEAAGN0d2lsaW8ucmVzdC5hcGkudjIwMTAuYWNjb3VudC5tZXNzYWdlCk1lc3NhZ2VMaXN0CnJHAQAAKYFySAEAAH1ySQEAAChoA2gFajcBAAB9ckoBAABYCwAAAGFjY291bnRfc2lkcksBAABoEHNqOgEAAFg6AAAAL0FjY291bnRzL0FDNzE3NGI0ODk5NmZmMmFmZmVlYmViM2YyNGRjMGMzMDcvTWVzc2FnZXMuanNvbnJMAQAAdWJYCQAAAF9uZXdfa2V5c3JNAQAATlgRAAAAX25ld19zaWduaW5nX2tleXNyTgEAAE5YDgAAAF9ub3RpZmljYXRpb25zck8BAABOWBQAAABfb3V0Z29pbmdfY2FsbGVyX2lkc3JQAQAATlgHAAAAX3F1ZXVlc3JRAQAATlgLAAAAX3JlY29yZGluZ3NyUgEAAE5YDQAAAF9zaWduaW5nX2tleXNyUwEAAE5YBAAAAF9zaXByVAEAAE5YDAAAAF9zaG9ydF9jb2Rlc3JVAQAATlgHAAAAX3Rva2Vuc3JWAQAATlgPAAAAX3RyYW5zY3JpcHRpb25zclcBAABOWAYAAABfdXNhZ2VyWAEAAE5YFAAAAF92YWxpZGF0aW9uX3JlcXVlc3RzclkBAABOdWJ1YlgLAAAAX3Byb3BlcnRpZXNyWgEAAH1yWwEAAChYBAAAAGJvZHlyXAEAAFg9AAAAU2VudCBmcm9tIHlvdXIgVHdpbGlvIHRyaWFsIGFjY291bnQgLSBWaXJpZmljYXRpb24gY29kZTogOTU4N3JdAQAAWAwAAABudW1fc2VnbWVudHNyXgEAAGjRWAkAAABkaXJlY3Rpb25yXwEAAFgMAAAAb3V0Ym91bmQtYXBpcmABAABYBQAAAGZyb21fcmEBAABYDAAAACsxMjEzMzIyMTAzN3JiAQAAWAIAAAB0b3JjAQAAWAwAAAArNzk2ODgzMTIyMTlyZAEAAFgMAAAAZGF0ZV91cGRhdGVkcmUBAABjZGF0ZXRpbWUKZGF0ZXRpbWUKcmYBAABjX2NvZGVjcwplbmNvZGUKcmcBAABYCwAAAAfDpQQSEx8zAAAAcmgBAABYBgAAAGxhdGluMXJpAQAAhnJqAQAAUnJrAQAAY3B5dHoKX1VUQwpybAEAAClScm0BAACGcm4BAABScm8BAABYBQAAAHByaWNlcnABAABOWA0AAABlcnJvcl9tZXNzYWdlcnEBAABOWAMAAAB1cmlycgEAAFhoAAAALzIwMTAtMDQtMDEvQWNjb3VudHMvQUM3MTc0YjQ4OTk2ZmYyYWZmZWViZWIzZjI0ZGMwYzMwNy9NZXNzYWdlcy9TTWU4NmNlMGEwZmY1YzQxN2Q4OGIxMjUwMmFhZjQ5Yzg0Lmpzb25ycwEAAGpLAQAAWCIAAABBQzcxNzRiNDg5OTZmZjJhZmZlZWJlYjNmMjRkYzBjMzA3cnQBAABYCQAAAG51bV9tZWRpYXJ1AQAAWAEAAAAwcnYBAABYBgAAAHN0YXR1c3J3AQAAWAYAAABxdWV1ZWRyeAEAAFgVAAAAbWVzc2FnaW5nX3NlcnZpY2Vfc2lkcnkBAABOajkBAABYIgAAAFNNZTg2Y2UwYTBmZjVjNDE3ZDg4YjEyNTAyYWFmNDljODRyegEAAFgJAAAAZGF0ZV9zZW50cnsBAABOWAwAAABkYXRlX2NyZWF0ZWRyfAEAAGpmAQAAamcBAABYCwAAAAfDpQQSEx8zAAAAcn0BAABqaQEAAIZyfgEAAFJyfwEAAGptAQAAhnKAAQAAUnKBAQAAWAoAAABlcnJvcl9jb2RlcoIBAABOWAoAAABwcmljZV91bml0coMBAABYAwAAAFVTRHKEAQAAWAsAAABhcGlfdmVyc2lvbnKFAQAAWAoAAAAyMDEwLTA0LTAxcoYBAABYEAAAAHN1YnJlc291cmNlX3VyaXNyhwEAAH1yiAEAAFgFAAAAbWVkaWFyiQEAAFhuAAAALzIwMTAtMDQtMDEvQWNjb3VudHMvQUM3MTc0YjQ4OTk2ZmYyYWZmZWViZWIzZjI0ZGMwYzMwNy9NZXNzYWdlcy9TTWU4NmNlMGEwZmY1YzQxN2Q4OGIxMjUwMmFhZjQ5Yzg0L01lZGlhLmpzb25yigEAAHN1WAgAAABfY29udGV4dHKLAQAATmo3AQAAfXKMAQAAKGpLAQAAaBBqOQEAAGp6AQAAdXViLg==", "creation_date": "2021-04-18T19:31:51.588Z"}}, {"model": "main.smslog", "pk": 3, "fields": {"user": 1, "code": 3089, "message": "gAJjdHdpbGlvLnJlc3QuYXBpLnYyMDEwLmFjY291bnQubWVzc2FnZQpNZXNzYWdlSW5zdGFuY2UKcQApgXEBfXECKFgIAAAAX3ZlcnNpb25xA2N0d2lsaW8ucmVzdC5hcGkudjIwMTAKVjIwMTAKcQQpgXEFfXEGKFgGAAAAZG9tYWlucQdjdHdpbGlvLnJlc3QuYXBpCkFwaQpxCCmBcQl9cQooWAYAAAB0d2lsaW9xC2N0d2lsaW8ucmVzdApDbGllbnQKcQwpgXENfXEOKFgIAAAAdXNlcm5hbWVxD1giAAAAQUM3MTc0YjQ4OTk2ZmYyYWZmZWViZWIzZjI0ZGMwYzMwN3EQWAgAAABwYXNzd29yZHERWCAAAAA2YzZmMzNkMTAyOWU3ZTRmNDRiMWQ2ZTk4YmYxMTkxZHESWAsAAABhY2NvdW50X3NpZHETaBBYBAAAAGVkZ2VxFE5YBgAAAHJlZ2lvbnEVTlgEAAAAYXV0aHEWaBBoEoZxF1gLAAAAaHR0cF9jbGllbnRxGGN0d2lsaW8uaHR0cC5odHRwX2NsaWVudApUd2lsaW9IdHRwQ2xpZW50CnEZKYFxGn1xGyhYBwAAAHNlc3Npb25xHGNyZXF1ZXN0cy5zZXNzaW9ucwpTZXNzaW9uCnEdKYFxHn1xHyhYBwAAAGhlYWRlcnNxIGNyZXF1ZXN0cy5zdHJ1Y3R1cmVzCkNhc2VJbnNlbnNpdGl2ZURpY3QKcSEpgXEifXEjWAYAAABfc3RvcmVxJGNjb2xsZWN0aW9ucwpPcmRlcmVkRGljdApxJSlScSYoWAoAAAB1c2VyLWFnZW50cSdYCgAAAFVzZXItQWdlbnRxKFgWAAAAcHl0aG9uLXJlcXVlc3RzLzIuMjUuMXEphnEqWA8AAABhY2NlcHQtZW5jb2RpbmdxK1gPAAAAQWNjZXB0LUVuY29kaW5ncSxYDQAAAGd6aXAsIGRlZmxhdGVxLYZxLlgGAAAAYWNjZXB0cS9YBgAAAEFjY2VwdHEwWAMAAAAqLypxMYZxMlgKAAAAY29ubmVjdGlvbnEzWAoAAABDb25uZWN0aW9ucTRYCgAAAGtlZXAtYWxpdmVxNYZxNnVzYlgHAAAAY29va2llc3E3Y3JlcXVlc3RzLmNvb2tpZXMKUmVxdWVzdHNDb29raWVKYXIKcTgpgXE5fXE6KFgHAAAAX3BvbGljeXE7Y2Nvb2tpZWxpYgpEZWZhdWx0Q29va2llUG9saWN5CnE8KYFxPX1xPihYCAAAAG5ldHNjYXBlcT+IWAcAAAByZmMyOTY1cUCJWBMAAAByZmMyMTA5X2FzX25ldHNjYXBlcUFOWAwAAABoaWRlX2Nvb2tpZTJxQolYDQAAAHN0cmljdF9kb21haW5xQ4lYGwAAAHN0cmljdF9yZmMyOTY1X3VudmVyaWZpYWJsZXFEiFgWAAAAc3RyaWN0X25zX3VudmVyaWZpYWJsZXFFiVgQAAAAc3RyaWN0X25zX2RvbWFpbnFGSwBYHAAAAHN0cmljdF9uc19zZXRfaW5pdGlhbF9kb2xsYXJxR4lYEgAAAHN0cmljdF9uc19zZXRfcGF0aHFIiVgQAAAAc2VjdXJlX3Byb3RvY29sc3FJWAUAAABodHRwc3FKWAMAAAB3c3NxS4ZxTFgQAAAAX2Jsb2NrZWRfZG9tYWluc3FNKVgQAAAAX2FsbG93ZWRfZG9tYWluc3FOTlgEAAAAX25vd3FPSuqKfGB1YlgIAAAAX2Nvb2tpZXNxUH1xUVgEAAAAX25vd3FSSuqKfGB1YmgWTlgHAAAAcHJveGllc3FTfXFUWAUAAABob29rc3FVfXFWWAgAAAByZXNwb25zZXFXXXFYc1gGAAAAcGFyYW1zcVl9cVpYBgAAAHZlcmlmeXFbiFgEAAAAY2VydHFcTlgIAAAAYWRhcHRlcnNxXWglKVJxXihYCAAAAGh0dHBzOi8vcV9jcmVxdWVzdHMuYWRhcHRlcnMKSFRUUEFkYXB0ZXIKcWApgXFhfXFiKFgLAAAAbWF4X3JldHJpZXNxY2N1cmxsaWIzLnV0aWwucmV0cnkKUmV0cnkKcWQpgXFlfXFmKFgFAAAAdG90YWxxZ0sAWAcAAABjb25uZWN0cWhOWAQAAAByZWFkcWmJWAYAAABzdGF0dXNxak5YBQAAAG90aGVycWtOWAgAAAByZWRpcmVjdHFsTlgQAAAAc3RhdHVzX2ZvcmNlbGlzdHFtY19fYnVpbHRpbl9fCnNldApxbl1xb4VxcFJxcVgPAAAAYWxsb3dlZF9tZXRob2RzcXJjX19idWlsdGluX18KZnJvemVuc2V0CnFzXXF0KFgFAAAAVFJBQ0VxdVgDAAAAUFVUcXZYBAAAAEhFQURxd1gDAAAAR0VUcXhYBwAAAE9QVElPTlNxeVgGAAAAREVMRVRFcXplhXF7UnF8WA4AAABiYWNrb2ZmX2ZhY3RvcnF9SwBYEQAAAHJhaXNlX29uX3JlZGlyZWN0cX6IWA8AAAByYWlzZV9vbl9zdGF0dXNxf4hYBwAAAGhpc3RvcnlxgClYGgAAAHJlc3BlY3RfcmV0cnlfYWZ0ZXJfaGVhZGVycYGIWBoAAAByZW1vdmVfaGVhZGVyc19vbl9yZWRpcmVjdHGCaHNdcYNYDQAAAGF1dGhvcml6YXRpb25xhGGFcYVScYZ1YlgGAAAAY29uZmlncYd9cYhYEQAAAF9wb29sX2Nvbm5lY3Rpb25zcYlLClgNAAAAX3Bvb2xfbWF4c2l6ZXGKSwpYCwAAAF9wb29sX2Jsb2NrcYuJdWJYBwAAAGh0dHA6Ly9xjGhgKYFxjX1xjihoY2hkKYFxj31xkChoZ0sAaGhOaGmJaGpOaGtOaGxOaG1obl1xkYVxklJxk2hyaHxofUsAaH6IaH+IaIApaIGIaIJoc11xlFgNAAAAYXV0aG9yaXphdGlvbnGVYYVxllJxl3ViaId9cZhoiUsKaIpLCmiLiXVidVgGAAAAc3RyZWFtcZmJWAkAAAB0cnVzdF9lbnZxmohYDQAAAG1heF9yZWRpcmVjdHNxm0sedWJYDAAAAGxhc3RfcmVxdWVzdHGcY3R3aWxpby5odHRwLnJlcXVlc3QKUmVxdWVzdApxnSmBcZ59cZ8oWAYAAABtZXRob2RxoFgEAAAAUE9TVHGhWAMAAAB1cmxxolhbAAAAaHR0cHM6Ly9hcGkudHdpbGlvLmNvbS8yMDEwLTA0LTAxL0FjY291bnRzL0FDNzE3NGI0ODk5NmZmMmFmZmVlYmViM2YyNGRjMGMzMDcvTWVzc2FnZXMuanNvbnGjaBZoF2hZTlgEAAAAZGF0YXGkfXGlKFgCAAAAVG9xplgMAAAAKzc5Njg4MzEyMjE5cadYBAAAAEZyb21xqFgMAAAAKzEyMTMzMjIxMDM3calYBAAAAEJvZHlxqlgXAAAAVmlyaWZpY2F0aW9uIGNvZGU6IDMwODlxq3VoIH1xrChYCgAAAFVzZXItQWdlbnRxrVgjAAAAdHdpbGlvLXB5dGhvbi82LjU2LjAgKFB5dGhvbiAzLjguNSlxrlgPAAAAWC1Ud2lsaW8tQ2xpZW50ca9YDQAAAHB5dGhvbi02LjU2LjBxsFgOAAAAQWNjZXB0LUNoYXJzZXRxsVgFAAAAdXRmLThxslgMAAAAQ29udGVudC1UeXBlcbNYIQAAAGFwcGxpY2F0aW9uL3gtd3d3LWZvcm0tdXJsZW5jb2RlZHG0aDBYEAAAAGFwcGxpY2F0aW9uL2pzb25xtXV1YlgNAAAAbGFzdF9yZXNwb25zZXG2Y3R3aWxpby5odHRwLnJlc3BvbnNlClJlc3BvbnNlCnG3KYFxuH1xuShYBwAAAGNvbnRlbnRxulg5AwAAeyJzaWQiOiAiU001NjBhMDJlYmMyODk0NDY3YmVkOTUzOTIzZTU0N2UyYyIsICJkYXRlX2NyZWF0ZWQiOiAiU3VuLCAxOCBBcHIgMjAyMSAxOTozOToyMiArMDAwMCIsICJkYXRlX3VwZGF0ZWQiOiAiU3VuLCAxOCBBcHIgMjAyMSAxOTozOToyMiArMDAwMCIsICJkYXRlX3NlbnQiOiBudWxsLCAiYWNjb3VudF9zaWQiOiAiQUM3MTc0YjQ4OTk2ZmYyYWZmZWViZWIzZjI0ZGMwYzMwNyIsICJ0byI6ICIrNzk2ODgzMTIyMTkiLCAiZnJvbSI6ICIrMTIxMzMyMjEwMzciLCAibWVzc2FnaW5nX3NlcnZpY2Vfc2lkIjogbnVsbCwgImJvZHkiOiAiU2VudCBmcm9tIHlvdXIgVHdpbGlvIHRyaWFsIGFjY291bnQgLSBWaXJpZmljYXRpb24gY29kZTogMzA4OSIsICJzdGF0dXMiOiAicXVldWVkIiwgIm51bV9zZWdtZW50cyI6ICIxIiwgIm51bV9tZWRpYSI6ICIwIiwgImRpcmVjdGlvbiI6ICJvdXRib3VuZC1hcGkiLCAiYXBpX3ZlcnNpb24iOiAiMjAxMC0wNC0wMSIsICJwcmljZSI6IG51bGwsICJwcmljZV91bml0IjogIlVTRCIsICJlcnJvcl9jb2RlIjogbnVsbCwgImVycm9yX21lc3NhZ2UiOiBudWxsLCAidXJpIjogIi8yMDEwLTA0LTAxL0FjY291bnRzL0FDNzE3NGI0ODk5NmZmMmFmZmVlYmViM2YyNGRjMGMzMDcvTWVzc2FnZXMvU001NjBhMDJlYmMyODk0NDY3YmVkOTUzOTIzZTU0N2UyYy5qc29uIiwgInN1YnJlc291cmNlX3VyaXMiOiB7Im1lZGlhIjogIi8yMDEwLTA0LTAxL0FjY291bnRzL0FDNzE3NGI0ODk5NmZmMmFmZmVlYmViM2YyNGRjMGMzMDcvTWVzc2FnZXMvU001NjBhMDJlYmMyODk0NDY3YmVkOTUzOTIzZTU0N2UyYy9NZWRpYS5qc29uIn19cbtoIGghKYFxvH1xvWgkaCUpUnG+KFgEAAAAZGF0ZXG/WAQAAABEYXRlccBYHQAAAFN1biwgMTggQXByIDIwMjEgMTk6Mzk6MjIgR01UccGGccJYDAAAAGNvbnRlbnQtdHlwZXHDWAwAAABDb250ZW50LVR5cGVxxFgfAAAAYXBwbGljYXRpb24vanNvbjsgY2hhcnNldD11dGYtOHHFhnHGWA4AAABjb250ZW50LWxlbmd0aHHHWA4AAABDb250ZW50LUxlbmd0aHHIWAMAAAA4MjVxyYZxylgKAAAAY29ubmVjdGlvbnHLWAoAAABDb25uZWN0aW9uccxYCgAAAGtlZXAtYWxpdmVxzYZxzlgaAAAAdHdpbGlvLWNvbmN1cnJlbnQtcmVxdWVzdHNxz1gaAAAAVHdpbGlvLUNvbmN1cnJlbnQtUmVxdWVzdHNx0FgBAAAAMXHRhnHSWBEAAAB0d2lsaW8tcmVxdWVzdC1pZHHTWBEAAABUd2lsaW8tUmVxdWVzdC1JZHHUWCIAAABSUTc0YWYzZTk4OWMwNzJmMzMxZjI5ZmMxYmQ2YTMwYTU5cdWGcdZYFwAAAHR3aWxpby1yZXF1ZXN0LWR1cmF0aW9ucddYFwAAAFR3aWxpby1SZXF1ZXN0LUR1cmF0aW9ucdhYBQAAADAuMTI3cdmGcdpYGwAAAGFjY2Vzcy1jb250cm9sLWFsbG93LW9yaWdpbnHbWBsAAABBY2Nlc3MtQ29udHJvbC1BbGxvdy1PcmlnaW5x3FgBAAAAKnHdhnHeWBwAAABhY2Nlc3MtY29udHJvbC1hbGxvdy1oZWFkZXJzcd9YHAAAAEFjY2Vzcy1Db250cm9sLUFsbG93LUhlYWRlcnNx4FhkAAAAQWNjZXB0LCBBdXRob3JpemF0aW9uLCBDb250ZW50LVR5cGUsIElmLU1hdGNoLCBJZi1Nb2RpZmllZC1TaW5jZSwgSWYtTm9uZS1NYXRjaCwgSWYtVW5tb2RpZmllZC1TaW5jZXHhhnHiWBwAAABhY2Nlc3MtY29udHJvbC1hbGxvdy1tZXRob2RzceNYHAAAAEFjY2Vzcy1Db250cm9sLUFsbG93LU1ldGhvZHNx5FgaAAAAR0VULCBQT1NULCBERUxFVEUsIE9QVElPTlNx5YZx5lgdAAAAYWNjZXNzLWNvbnRyb2wtZXhwb3NlLWhlYWRlcnNx51gdAAAAQWNjZXNzLUNvbnRyb2wtRXhwb3NlLUhlYWRlcnNx6FgEAAAARVRhZ3HphnHqWCAAAABhY2Nlc3MtY29udHJvbC1hbGxvdy1jcmVkZW50aWFsc3HrWCAAAABBY2Nlc3MtQ29udHJvbC1BbGxvdy1DcmVkZW50aWFsc3HsWAQAAAB0cnVlce2Gce5YDAAAAHgtcG93ZXJlZC1ieXHvWAwAAABYLVBvd2VyZWQtQnlx8FgHAAAAQVQtNTAwMHHxhnHyWA0AAAB4LXNoZW5hbmlnYW5zcfNYDQAAAFgtU2hlbmFuaWdhbnNx9FgEAAAAbm9uZXH1hnH2WA0AAAB4LWhvbWUtcmVnaW9ucfdYDQAAAFgtSG9tZS1SZWdpb25x+FgDAAAAdXMxcfmGcfpYDAAAAHgtYXBpLWRvbWFpbnH7WAwAAABYLUFQSS1Eb21haW5x/FgOAAAAYXBpLnR3aWxpby5jb21x/YZx/lgZAAAAc3RyaWN0LXRyYW5zcG9ydC1zZWN1cml0eXH/WBkAAABTdHJpY3QtVHJhbnNwb3J0LVNlY3VyaXR5cgABAABYEAAAAG1heC1hZ2U9MzE1MzYwMDByAQEAAIZyAgEAAHVzYlgGAAAAY2FjaGVkcgMBAACJWAsAAABzdGF0dXNfY29kZXIEAQAAS8lYAgAAAG9rcgUBAACIdWJYBgAAAGxvZ2dlcnIGAQAAY2xvZ2dpbmcKZ2V0TG9nZ2VyCnIHAQAAWBIAAAB0d2lsaW8uaHR0cF9jbGllbnRyCAEAAIVyCQEAAFJyCgEAAFgNAAAAcmVxdWVzdF9ob29rc3ILAQAAfXIMAQAAaFddcg0BAABzWAcAAAB0aW1lb3V0cg4BAABOWAUAAABwcm94eXIPAQAATnViWAkAAABfYWNjb3VudHNyEAEAAE5YBAAAAF9hcGlyEQEAAGgJWAoAAABfYXV0b3BpbG90chIBAABOWAUAAABfY2hhdHITAQAATlgOAAAAX2NvbnZlcnNhdGlvbnNyFAEAAE5YBwAAAF9ldmVudHNyFQEAAE5YBAAAAF9mYXhyFgEAAE5YCQAAAF9mbGV4X2FwaXIXAQAATlgJAAAAX2luc2lnaHRzchgBAABOWA0AAABfaXBfbWVzc2FnaW5nchkBAABOWAgAAABfbG9va3Vwc3IaAQAATlgKAAAAX21lc3NhZ2luZ3IbAQAATlgIAAAAX21vbml0b3JyHAEAAE5YBwAAAF9ub3RpZnlyHQEAAE5YCAAAAF9udW1iZXJzch4BAABOWAgAAABfcHJldmlld3IfAQAATlgIAAAAX3ByaWNpbmdyIAEAAE5YBgAAAF9wcm94eXIhAQAATlgLAAAAX3NlcnZlcmxlc3NyIgEAAE5YBwAAAF9zdHVkaW9yIwEAAE5YBQAAAF9zeW5jciQBAABOWAsAAABfdGFza3JvdXRlcnIlAQAATlgJAAAAX3RydW5raW5nciYBAABOWAkAAABfdHJ1c3RodWJyJwEAAE5YBwAAAF92ZXJpZnlyKAEAAE5YBgAAAF92aWRlb3IpAQAATlgGAAAAX3ZvaWNlcioBAABOWAkAAABfd2lyZWxlc3NyKwEAAE5YCQAAAF9zdXBlcnNpbXIsAQAATlgMAAAAX2J1bGtleHBvcnRzci0BAABOdWJYCAAAAGJhc2VfdXJsci4BAABYFgAAAGh0dHBzOi8vYXBpLnR3aWxpby5jb21yLwEAAFgGAAAAX3YyMDEwcjABAABoBXViWAcAAAB2ZXJzaW9ucjEBAABYCgAAADIwMTAtMDQtMDFyMgEAAGoQAQAATlgIAAAAX2FjY291bnRyMwEAAGN0d2lsaW8ucmVzdC5hcGkudjIwMTAuYWNjb3VudApBY2NvdW50Q29udGV4dApyNAEAACmBcjUBAAB9cjYBAAAoaANoBVgJAAAAX3NvbHV0aW9ucjcBAAB9cjgBAABYAwAAAHNpZHI5AQAAaBBzWAQAAABfdXJpcjoBAABYMQAAAC9BY2NvdW50cy9BQzcxNzRiNDg5OTZmZjJhZmZlZWJlYjNmMjRkYzBjMzA3Lmpzb25yOwEAAFgKAAAAX2FkZHJlc3Nlc3I8AQAATlgNAAAAX2FwcGxpY2F0aW9uc3I9AQAATlgYAAAAX2F1dGhvcml6ZWRfY29ubmVjdF9hcHBzcj4BAABOWBgAAABfYXZhaWxhYmxlX3Bob25lX251bWJlcnNyPwEAAE5YCAAAAF9iYWxhbmNlckABAABOWAYAAABfY2FsbHNyQQEAAE5YDAAAAF9jb25mZXJlbmNlc3JCAQAATlgNAAAAX2Nvbm5lY3RfYXBwc3JDAQAATlgXAAAAX2luY29taW5nX3Bob25lX251bWJlcnNyRAEAAE5YBQAAAF9rZXlzckUBAABOWAkAAABfbWVzc2FnZXNyRgEAAGN0d2lsaW8ucmVzdC5hcGkudjIwMTAuYWNjb3VudC5tZXNzYWdlCk1lc3NhZ2VMaXN0CnJHAQAAKYFySAEAAH1ySQEAAChoA2gFajcBAAB9ckoBAABYCwAAAGFjY291bnRfc2lkcksBAABoEHNqOgEAAFg6AAAAL0FjY291bnRzL0FDNzE3NGI0ODk5NmZmMmFmZmVlYmViM2YyNGRjMGMzMDcvTWVzc2FnZXMuanNvbnJMAQAAdWJYCQAAAF9uZXdfa2V5c3JNAQAATlgRAAAAX25ld19zaWduaW5nX2tleXNyTgEAAE5YDgAAAF9ub3RpZmljYXRpb25zck8BAABOWBQAAABfb3V0Z29pbmdfY2FsbGVyX2lkc3JQAQAATlgHAAAAX3F1ZXVlc3JRAQAATlgLAAAAX3JlY29yZGluZ3NyUgEAAE5YDQAAAF9zaWduaW5nX2tleXNyUwEAAE5YBAAAAF9zaXByVAEAAE5YDAAAAF9zaG9ydF9jb2Rlc3JVAQAATlgHAAAAX3Rva2Vuc3JWAQAATlgPAAAAX3RyYW5zY3JpcHRpb25zclcBAABOWAYAAABfdXNhZ2VyWAEAAE5YFAAAAF92YWxpZGF0aW9uX3JlcXVlc3RzclkBAABOdWJ1YlgLAAAAX3Byb3BlcnRpZXNyWgEAAH1yWwEAAChYBAAAAGJvZHlyXAEAAFg9AAAAU2VudCBmcm9tIHlvdXIgVHdpbGlvIHRyaWFsIGFjY291bnQgLSBWaXJpZmljYXRpb24gY29kZTogMzA4OXJdAQAAWAwAAABudW1fc2VnbWVudHNyXgEAAGjRWAkAAABkaXJlY3Rpb25yXwEAAFgMAAAAb3V0Ym91bmQtYXBpcmABAABYBQAAAGZyb21fcmEBAABYDAAAACsxMjEzMzIyMTAzN3JiAQAAWAIAAAB0b3JjAQAAWAwAAAArNzk2ODgzMTIyMTlyZAEAAFgMAAAAZGF0ZV91cGRhdGVkcmUBAABjZGF0ZXRpbWUKZGF0ZXRpbWUKcmYBAABjX2NvZGVjcwplbmNvZGUKcmcBAABYCwAAAAfDpQQSEycWAAAAcmgBAABYBgAAAGxhdGluMXJpAQAAhnJqAQAAUnJrAQAAY3B5dHoKX1VUQwpybAEAAClScm0BAACGcm4BAABScm8BAABYBQAAAHByaWNlcnABAABOWA0AAABlcnJvcl9tZXNzYWdlcnEBAABOWAMAAAB1cmlycgEAAFhoAAAALzIwMTAtMDQtMDEvQWNjb3VudHMvQUM3MTc0YjQ4OTk2ZmYyYWZmZWViZWIzZjI0ZGMwYzMwNy9NZXNzYWdlcy9TTTU2MGEwMmViYzI4OTQ0NjdiZWQ5NTM5MjNlNTQ3ZTJjLmpzb25ycwEAAGpLAQAAWCIAAABBQzcxNzRiNDg5OTZmZjJhZmZlZWJlYjNmMjRkYzBjMzA3cnQBAABYCQAAAG51bV9tZWRpYXJ1AQAAWAEAAAAwcnYBAABYBgAAAHN0YXR1c3J3AQAAWAYAAABxdWV1ZWRyeAEAAFgVAAAAbWVzc2FnaW5nX3NlcnZpY2Vfc2lkcnkBAABOajkBAABYIgAAAFNNNTYwYTAyZWJjMjg5NDQ2N2JlZDk1MzkyM2U1NDdlMmNyegEAAFgJAAAAZGF0ZV9zZW50cnsBAABOWAwAAABkYXRlX2NyZWF0ZWRyfAEAAGpmAQAAamcBAABYCwAAAAfDpQQSEycWAAAAcn0BAABqaQEAAIZyfgEAAFJyfwEAAGptAQAAhnKAAQAAUnKBAQAAWAoAAABlcnJvcl9jb2RlcoIBAABOWAoAAABwcmljZV91bml0coMBAABYAwAAAFVTRHKEAQAAWAsAAABhcGlfdmVyc2lvbnKFAQAAWAoAAAAyMDEwLTA0LTAxcoYBAABYEAAAAHN1YnJlc291cmNlX3VyaXNyhwEAAH1yiAEAAFgFAAAAbWVkaWFyiQEAAFhuAAAALzIwMTAtMDQtMDEvQWNjb3VudHMvQUM3MTc0YjQ4OTk2ZmYyYWZmZWViZWIzZjI0ZGMwYzMwNy9NZXNzYWdlcy9TTTU2MGEwMmViYzI4OTQ0NjdiZWQ5NTM5MjNlNTQ3ZTJjL01lZGlhLmpzb25yigEAAHN1WAgAAABfY29udGV4dHKLAQAATmo3AQAAfXKMAQAAKGpLAQAAaBBqOQEAAGp6AQAAdXViLg==", "creation_date": "2021-04-18T19:39:22.898Z"}}, {"model": "main.smslog", "pk": 4, "fields": {"user": 1, "code": 5830, "message": "gAJjdHdpbGlvLnJlc3QuYXBpLnYyMDEwLmFjY291bnQubWVzc2FnZQpNZXNzYWdlSW5zdGFuY2UKcQApgXEBfXECKFgIAAAAX3ZlcnNpb25xA2N0d2lsaW8ucmVzdC5hcGkudjIwMTAKVjIwMTAKcQQpgXEFfXEGKFgGAAAAZG9tYWlucQdjdHdpbGlvLnJlc3QuYXBpCkFwaQpxCCmBcQl9cQooWAYAAAB0d2lsaW9xC2N0d2lsaW8ucmVzdApDbGllbnQKcQwpgXENfXEOKFgIAAAAdXNlcm5hbWVxD1giAAAAQUM3MTc0YjQ4OTk2ZmYyYWZmZWViZWIzZjI0ZGMwYzMwN3EQWAgAAABwYXNzd29yZHERWCAAAAA2YzZmMzNkMTAyOWU3ZTRmNDRiMWQ2ZTk4YmYxMTkxZHESWAsAAABhY2NvdW50X3NpZHETaBBYBAAAAGVkZ2VxFE5YBgAAAHJlZ2lvbnEVTlgEAAAAYXV0aHEWaBBoEoZxF1gLAAAAaHR0cF9jbGllbnRxGGN0d2lsaW8uaHR0cC5odHRwX2NsaWVudApUd2lsaW9IdHRwQ2xpZW50CnEZKYFxGn1xGyhYBwAAAHNlc3Npb25xHGNyZXF1ZXN0cy5zZXNzaW9ucwpTZXNzaW9uCnEdKYFxHn1xHyhYBwAAAGhlYWRlcnNxIGNyZXF1ZXN0cy5zdHJ1Y3R1cmVzCkNhc2VJbnNlbnNpdGl2ZURpY3QKcSEpgXEifXEjWAYAAABfc3RvcmVxJGNjb2xsZWN0aW9ucwpPcmRlcmVkRGljdApxJSlScSYoWAoAAAB1c2VyLWFnZW50cSdYCgAAAFVzZXItQWdlbnRxKFgWAAAAcHl0aG9uLXJlcXVlc3RzLzIuMjUuMXEphnEqWA8AAABhY2NlcHQtZW5jb2RpbmdxK1gPAAAAQWNjZXB0LUVuY29kaW5ncSxYDQAAAGd6aXAsIGRlZmxhdGVxLYZxLlgGAAAAYWNjZXB0cS9YBgAAAEFjY2VwdHEwWAMAAAAqLypxMYZxMlgKAAAAY29ubmVjdGlvbnEzWAoAAABDb25uZWN0aW9ucTRYCgAAAGtlZXAtYWxpdmVxNYZxNnVzYlgHAAAAY29va2llc3E3Y3JlcXVlc3RzLmNvb2tpZXMKUmVxdWVzdHNDb29raWVKYXIKcTgpgXE5fXE6KFgHAAAAX3BvbGljeXE7Y2Nvb2tpZWxpYgpEZWZhdWx0Q29va2llUG9saWN5CnE8KYFxPX1xPihYCAAAAG5ldHNjYXBlcT+IWAcAAAByZmMyOTY1cUCJWBMAAAByZmMyMTA5X2FzX25ldHNjYXBlcUFOWAwAAABoaWRlX2Nvb2tpZTJxQolYDQAAAHN0cmljdF9kb21haW5xQ4lYGwAAAHN0cmljdF9yZmMyOTY1X3VudmVyaWZpYWJsZXFEiFgWAAAAc3RyaWN0X25zX3VudmVyaWZpYWJsZXFFiVgQAAAAc3RyaWN0X25zX2RvbWFpbnFGSwBYHAAAAHN0cmljdF9uc19zZXRfaW5pdGlhbF9kb2xsYXJxR4lYEgAAAHN0cmljdF9uc19zZXRfcGF0aHFIiVgQAAAAc2VjdXJlX3Byb3RvY29sc3FJWAUAAABodHRwc3FKWAMAAAB3c3NxS4ZxTFgQAAAAX2Jsb2NrZWRfZG9tYWluc3FNKVgQAAAAX2FsbG93ZWRfZG9tYWluc3FOTlgEAAAAX25vd3FPSjiLfGB1YlgIAAAAX2Nvb2tpZXNxUH1xUVgEAAAAX25vd3FSSjiLfGB1YmgWTlgHAAAAcHJveGllc3FTfXFUWAUAAABob29rc3FVfXFWWAgAAAByZXNwb25zZXFXXXFYc1gGAAAAcGFyYW1zcVl9cVpYBgAAAHZlcmlmeXFbiFgEAAAAY2VydHFcTlgIAAAAYWRhcHRlcnNxXWglKVJxXihYCAAAAGh0dHBzOi8vcV9jcmVxdWVzdHMuYWRhcHRlcnMKSFRUUEFkYXB0ZXIKcWApgXFhfXFiKFgLAAAAbWF4X3JldHJpZXNxY2N1cmxsaWIzLnV0aWwucmV0cnkKUmV0cnkKcWQpgXFlfXFmKFgFAAAAdG90YWxxZ0sAWAcAAABjb25uZWN0cWhOWAQAAAByZWFkcWmJWAYAAABzdGF0dXNxak5YBQAAAG90aGVycWtOWAgAAAByZWRpcmVjdHFsTlgQAAAAc3RhdHVzX2ZvcmNlbGlzdHFtY19fYnVpbHRpbl9fCnNldApxbl1xb4VxcFJxcVgPAAAAYWxsb3dlZF9tZXRob2RzcXJjX19idWlsdGluX18KZnJvemVuc2V0CnFzXXF0KFgFAAAAVFJBQ0VxdVgDAAAAUFVUcXZYBAAAAEhFQURxd1gDAAAAR0VUcXhYBwAAAE9QVElPTlNxeVgGAAAAREVMRVRFcXplhXF7UnF8WA4AAABiYWNrb2ZmX2ZhY3RvcnF9SwBYEQAAAHJhaXNlX29uX3JlZGlyZWN0cX6IWA8AAAByYWlzZV9vbl9zdGF0dXNxf4hYBwAAAGhpc3RvcnlxgClYGgAAAHJlc3BlY3RfcmV0cnlfYWZ0ZXJfaGVhZGVycYGIWBoAAAByZW1vdmVfaGVhZGVyc19vbl9yZWRpcmVjdHGCaHNdcYNYDQAAAGF1dGhvcml6YXRpb25xhGGFcYVScYZ1YlgGAAAAY29uZmlncYd9cYhYEQAAAF9wb29sX2Nvbm5lY3Rpb25zcYlLClgNAAAAX3Bvb2xfbWF4c2l6ZXGKSwpYCwAAAF9wb29sX2Jsb2NrcYuJdWJYBwAAAGh0dHA6Ly9xjGhgKYFxjX1xjihoY2hkKYFxj31xkChoZ0sAaGhOaGmJaGpOaGtOaGxOaG1obl1xkYVxklJxk2hyaHxofUsAaH6IaH+IaIApaIGIaIJoc11xlFgNAAAAYXV0aG9yaXphdGlvbnGVYYVxllJxl3ViaId9cZhoiUsKaIpLCmiLiXVidVgGAAAAc3RyZWFtcZmJWAkAAAB0cnVzdF9lbnZxmohYDQAAAG1heF9yZWRpcmVjdHNxm0sedWJYDAAAAGxhc3RfcmVxdWVzdHGcY3R3aWxpby5odHRwLnJlcXVlc3QKUmVxdWVzdApxnSmBcZ59cZ8oWAYAAABtZXRob2RxoFgEAAAAUE9TVHGhWAMAAAB1cmxxolhbAAAAaHR0cHM6Ly9hcGkudHdpbGlvLmNvbS8yMDEwLTA0LTAxL0FjY291bnRzL0FDNzE3NGI0ODk5NmZmMmFmZmVlYmViM2YyNGRjMGMzMDcvTWVzc2FnZXMuanNvbnGjaBZoF2hZTlgEAAAAZGF0YXGkfXGlKFgCAAAAVG9xplgMAAAAKzc5Njg4MzEyMjE5cadYBAAAAEZyb21xqFgMAAAAKzEyMTMzMjIxMDM3calYBAAAAEJvZHlxqlgXAAAAVmlyaWZpY2F0aW9uIGNvZGU6IDU4MzBxq3VoIH1xrChYCgAAAFVzZXItQWdlbnRxrVgjAAAAdHdpbGlvLXB5dGhvbi82LjU2LjAgKFB5dGhvbiAzLjguNSlxrlgPAAAAWC1Ud2lsaW8tQ2xpZW50ca9YDQAAAHB5dGhvbi02LjU2LjBxsFgOAAAAQWNjZXB0LUNoYXJzZXRxsVgFAAAAdXRmLThxslgMAAAAQ29udGVudC1UeXBlcbNYIQAAAGFwcGxpY2F0aW9uL3gtd3d3LWZvcm0tdXJsZW5jb2RlZHG0aDBYEAAAAGFwcGxpY2F0aW9uL2pzb25xtXV1YlgNAAAAbGFzdF9yZXNwb25zZXG2Y3R3aWxpby5odHRwLnJlc3BvbnNlClJlc3BvbnNlCnG3KYFxuH1xuShYBwAAAGNvbnRlbnRxulg5AwAAeyJzaWQiOiAiU00xNzAwZTdhZTQ4Y2Y0NGZmODFjNDMyZTMxZTVlNWY5NSIsICJkYXRlX2NyZWF0ZWQiOiAiU3VuLCAxOCBBcHIgMjAyMSAxOTo0MDo0MCArMDAwMCIsICJkYXRlX3VwZGF0ZWQiOiAiU3VuLCAxOCBBcHIgMjAyMSAxOTo0MDo0MCArMDAwMCIsICJkYXRlX3NlbnQiOiBudWxsLCAiYWNjb3VudF9zaWQiOiAiQUM3MTc0YjQ4OTk2ZmYyYWZmZWViZWIzZjI0ZGMwYzMwNyIsICJ0byI6ICIrNzk2ODgzMTIyMTkiLCAiZnJvbSI6ICIrMTIxMzMyMjEwMzciLCAibWVzc2FnaW5nX3NlcnZpY2Vfc2lkIjogbnVsbCwgImJvZHkiOiAiU2VudCBmcm9tIHlvdXIgVHdpbGlvIHRyaWFsIGFjY291bnQgLSBWaXJpZmljYXRpb24gY29kZTogNTgzMCIsICJzdGF0dXMiOiAicXVldWVkIiwgIm51bV9zZWdtZW50cyI6ICIxIiwgIm51bV9tZWRpYSI6ICIwIiwgImRpcmVjdGlvbiI6ICJvdXRib3VuZC1hcGkiLCAiYXBpX3ZlcnNpb24iOiAiMjAxMC0wNC0wMSIsICJwcmljZSI6IG51bGwsICJwcmljZV91bml0IjogIlVTRCIsICJlcnJvcl9jb2RlIjogbnVsbCwgImVycm9yX21lc3NhZ2UiOiBudWxsLCAidXJpIjogIi8yMDEwLTA0LTAxL0FjY291bnRzL0FDNzE3NGI0ODk5NmZmMmFmZmVlYmViM2YyNGRjMGMzMDcvTWVzc2FnZXMvU00xNzAwZTdhZTQ4Y2Y0NGZmODFjNDMyZTMxZTVlNWY5NS5qc29uIiwgInN1YnJlc291cmNlX3VyaXMiOiB7Im1lZGlhIjogIi8yMDEwLTA0LTAxL0FjY291bnRzL0FDNzE3NGI0ODk5NmZmMmFmZmVlYmViM2YyNGRjMGMzMDcvTWVzc2FnZXMvU00xNzAwZTdhZTQ4Y2Y0NGZmODFjNDMyZTMxZTVlNWY5NS9NZWRpYS5qc29uIn19cbtoIGghKYFxvH1xvWgkaCUpUnG+KFgEAAAAZGF0ZXG/WAQAAABEYXRlccBYHQAAAFN1biwgMTggQXByIDIwMjEgMTk6NDA6NDAgR01UccGGccJYDAAAAGNvbnRlbnQtdHlwZXHDWAwAAABDb250ZW50LVR5cGVxxFgfAAAAYXBwbGljYXRpb24vanNvbjsgY2hhcnNldD11dGYtOHHFhnHGWA4AAABjb250ZW50LWxlbmd0aHHHWA4AAABDb250ZW50LUxlbmd0aHHIWAMAAAA4MjVxyYZxylgKAAAAY29ubmVjdGlvbnHLWAoAAABDb25uZWN0aW9uccxYCgAAAGtlZXAtYWxpdmVxzYZxzlgaAAAAdHdpbGlvLWNvbmN1cnJlbnQtcmVxdWVzdHNxz1gaAAAAVHdpbGlvLUNvbmN1cnJlbnQtUmVxdWVzdHNx0FgBAAAAMXHRhnHSWBEAAAB0d2lsaW8tcmVxdWVzdC1pZHHTWBEAAABUd2lsaW8tUmVxdWVzdC1JZHHUWCIAAABSUWFmMjk4NmI3YjJjNzQ0NGFkNzMzZGU1ZDk1Mjk4NzJhcdWGcdZYFwAAAHR3aWxpby1yZXF1ZXN0LWR1cmF0aW9ucddYFwAAAFR3aWxpby1SZXF1ZXN0LUR1cmF0aW9ucdhYBQAAADAuMDg4cdmGcdpYGwAAAGFjY2Vzcy1jb250cm9sLWFsbG93LW9yaWdpbnHbWBsAAABBY2Nlc3MtQ29udHJvbC1BbGxvdy1PcmlnaW5x3FgBAAAAKnHdhnHeWBwAAABhY2Nlc3MtY29udHJvbC1hbGxvdy1oZWFkZXJzcd9YHAAAAEFjY2Vzcy1Db250cm9sLUFsbG93LUhlYWRlcnNx4FhkAAAAQWNjZXB0LCBBdXRob3JpemF0aW9uLCBDb250ZW50LVR5cGUsIElmLU1hdGNoLCBJZi1Nb2RpZmllZC1TaW5jZSwgSWYtTm9uZS1NYXRjaCwgSWYtVW5tb2RpZmllZC1TaW5jZXHhhnHiWBwAAABhY2Nlc3MtY29udHJvbC1hbGxvdy1tZXRob2RzceNYHAAAAEFjY2Vzcy1Db250cm9sLUFsbG93LU1ldGhvZHNx5FgaAAAAR0VULCBQT1NULCBERUxFVEUsIE9QVElPTlNx5YZx5lgdAAAAYWNjZXNzLWNvbnRyb2wtZXhwb3NlLWhlYWRlcnNx51gdAAAAQWNjZXNzLUNvbnRyb2wtRXhwb3NlLUhlYWRlcnNx6FgEAAAARVRhZ3HphnHqWCAAAABhY2Nlc3MtY29udHJvbC1hbGxvdy1jcmVkZW50aWFsc3HrWCAAAABBY2Nlc3MtQ29udHJvbC1BbGxvdy1DcmVkZW50aWFsc3HsWAQAAAB0cnVlce2Gce5YDAAAAHgtcG93ZXJlZC1ieXHvWAwAAABYLVBvd2VyZWQtQnlx8FgHAAAAQVQtNTAwMHHxhnHyWA0AAAB4LXNoZW5hbmlnYW5zcfNYDQAAAFgtU2hlbmFuaWdhbnNx9FgEAAAAbm9uZXH1hnH2WA0AAAB4LWhvbWUtcmVnaW9ucfdYDQAAAFgtSG9tZS1SZWdpb25x+FgDAAAAdXMxcfmGcfpYDAAAAHgtYXBpLWRvbWFpbnH7WAwAAABYLUFQSS1Eb21haW5x/FgOAAAAYXBpLnR3aWxpby5jb21x/YZx/lgZAAAAc3RyaWN0LXRyYW5zcG9ydC1zZWN1cml0eXH/WBkAAABTdHJpY3QtVHJhbnNwb3J0LVNlY3VyaXR5cgABAABYEAAAAG1heC1hZ2U9MzE1MzYwMDByAQEAAIZyAgEAAHVzYlgGAAAAY2FjaGVkcgMBAACJWAsAAABzdGF0dXNfY29kZXIEAQAAS8lYAgAAAG9rcgUBAACIdWJYBgAAAGxvZ2dlcnIGAQAAY2xvZ2dpbmcKZ2V0TG9nZ2VyCnIHAQAAWBIAAAB0d2lsaW8uaHR0cF9jbGllbnRyCAEAAIVyCQEAAFJyCgEAAFgNAAAAcmVxdWVzdF9ob29rc3ILAQAAfXIMAQAAaFddcg0BAABzWAcAAAB0aW1lb3V0cg4BAABOWAUAAABwcm94eXIPAQAATnViWAkAAABfYWNjb3VudHNyEAEAAE5YBAAAAF9hcGlyEQEAAGgJWAoAAABfYXV0b3BpbG90chIBAABOWAUAAABfY2hhdHITAQAATlgOAAAAX2NvbnZlcnNhdGlvbnNyFAEAAE5YBwAAAF9ldmVudHNyFQEAAE5YBAAAAF9mYXhyFgEAAE5YCQAAAF9mbGV4X2FwaXIXAQAATlgJAAAAX2luc2lnaHRzchgBAABOWA0AAABfaXBfbWVzc2FnaW5nchkBAABOWAgAAABfbG9va3Vwc3IaAQAATlgKAAAAX21lc3NhZ2luZ3IbAQAATlgIAAAAX21vbml0b3JyHAEAAE5YBwAAAF9ub3RpZnlyHQEAAE5YCAAAAF9udW1iZXJzch4BAABOWAgAAABfcHJldmlld3IfAQAATlgIAAAAX3ByaWNpbmdyIAEAAE5YBgAAAF9wcm94eXIhAQAATlgLAAAAX3NlcnZlcmxlc3NyIgEAAE5YBwAAAF9zdHVkaW9yIwEAAE5YBQAAAF9zeW5jciQBAABOWAsAAABfdGFza3JvdXRlcnIlAQAATlgJAAAAX3RydW5raW5nciYBAABOWAkAAABfdHJ1c3RodWJyJwEAAE5YBwAAAF92ZXJpZnlyKAEAAE5YBgAAAF92aWRlb3IpAQAATlgGAAAAX3ZvaWNlcioBAABOWAkAAABfd2lyZWxlc3NyKwEAAE5YCQAAAF9zdXBlcnNpbXIsAQAATlgMAAAAX2J1bGtleHBvcnRzci0BAABOdWJYCAAAAGJhc2VfdXJsci4BAABYFgAAAGh0dHBzOi8vYXBpLnR3aWxpby5jb21yLwEAAFgGAAAAX3YyMDEwcjABAABoBXViWAcAAAB2ZXJzaW9ucjEBAABYCgAAADIwMTAtMDQtMDFyMgEAAGoQAQAATlgIAAAAX2FjY291bnRyMwEAAGN0d2lsaW8ucmVzdC5hcGkudjIwMTAuYWNjb3VudApBY2NvdW50Q29udGV4dApyNAEAACmBcjUBAAB9cjYBAAAoaANoBVgJAAAAX3NvbHV0aW9ucjcBAAB9cjgBAABYAwAAAHNpZHI5AQAAaBBzWAQAAABfdXJpcjoBAABYMQAAAC9BY2NvdW50cy9BQzcxNzRiNDg5OTZmZjJhZmZlZWJlYjNmMjRkYzBjMzA3Lmpzb25yOwEAAFgKAAAAX2FkZHJlc3Nlc3I8AQAATlgNAAAAX2FwcGxpY2F0aW9uc3I9AQAATlgYAAAAX2F1dGhvcml6ZWRfY29ubmVjdF9hcHBzcj4BAABOWBgAAABfYXZhaWxhYmxlX3Bob25lX251bWJlcnNyPwEAAE5YCAAAAF9iYWxhbmNlckABAABOWAYAAABfY2FsbHNyQQEAAE5YDAAAAF9jb25mZXJlbmNlc3JCAQAATlgNAAAAX2Nvbm5lY3RfYXBwc3JDAQAATlgXAAAAX2luY29taW5nX3Bob25lX251bWJlcnNyRAEAAE5YBQAAAF9rZXlzckUBAABOWAkAAABfbWVzc2FnZXNyRgEAAGN0d2lsaW8ucmVzdC5hcGkudjIwMTAuYWNjb3VudC5tZXNzYWdlCk1lc3NhZ2VMaXN0CnJHAQAAKYFySAEAAH1ySQEAAChoA2gFajcBAAB9ckoBAABYCwAAAGFjY291bnRfc2lkcksBAABoEHNqOgEAAFg6AAAAL0FjY291bnRzL0FDNzE3NGI0ODk5NmZmMmFmZmVlYmViM2YyNGRjMGMzMDcvTWVzc2FnZXMuanNvbnJMAQAAdWJYCQAAAF9uZXdfa2V5c3JNAQAATlgRAAAAX25ld19zaWduaW5nX2tleXNyTgEAAE5YDgAAAF9ub3RpZmljYXRpb25zck8BAABOWBQAAABfb3V0Z29pbmdfY2FsbGVyX2lkc3JQAQAATlgHAAAAX3F1ZXVlc3JRAQAATlgLAAAAX3JlY29yZGluZ3NyUgEAAE5YDQAAAF9zaWduaW5nX2tleXNyUwEAAE5YBAAAAF9zaXByVAEAAE5YDAAAAF9zaG9ydF9jb2Rlc3JVAQAATlgHAAAAX3Rva2Vuc3JWAQAATlgPAAAAX3RyYW5zY3JpcHRpb25zclcBAABOWAYAAABfdXNhZ2VyWAEAAE5YFAAAAF92YWxpZGF0aW9uX3JlcXVlc3RzclkBAABOdWJ1YlgLAAAAX3Byb3BlcnRpZXNyWgEAAH1yWwEAAChYBAAAAGJvZHlyXAEAAFg9AAAAU2VudCBmcm9tIHlvdXIgVHdpbGlvIHRyaWFsIGFjY291bnQgLSBWaXJpZmljYXRpb24gY29kZTogNTgzMHJdAQAAWAwAAABudW1fc2VnbWVudHNyXgEAAGjRWAkAAABkaXJlY3Rpb25yXwEAAFgMAAAAb3V0Ym91bmQtYXBpcmABAABYBQAAAGZyb21fcmEBAABYDAAAACsxMjEzMzIyMTAzN3JiAQAAWAIAAAB0b3JjAQAAWAwAAAArNzk2ODgzMTIyMTlyZAEAAFgMAAAAZGF0ZV91cGRhdGVkcmUBAABjZGF0ZXRpbWUKZGF0ZXRpbWUKcmYBAABjX2NvZGVjcwplbmNvZGUKcmcBAABYCwAAAAfDpQQSEygoAAAAcmgBAABYBgAAAGxhdGluMXJpAQAAhnJqAQAAUnJrAQAAY3B5dHoKX1VUQwpybAEAAClScm0BAACGcm4BAABScm8BAABYBQAAAHByaWNlcnABAABOWA0AAABlcnJvcl9tZXNzYWdlcnEBAABOWAMAAAB1cmlycgEAAFhoAAAALzIwMTAtMDQtMDEvQWNjb3VudHMvQUM3MTc0YjQ4OTk2ZmYyYWZmZWViZWIzZjI0ZGMwYzMwNy9NZXNzYWdlcy9TTTE3MDBlN2FlNDhjZjQ0ZmY4MWM0MzJlMzFlNWU1Zjk1Lmpzb25ycwEAAGpLAQAAWCIAAABBQzcxNzRiNDg5OTZmZjJhZmZlZWJlYjNmMjRkYzBjMzA3cnQBAABYCQAAAG51bV9tZWRpYXJ1AQAAWAEAAAAwcnYBAABYBgAAAHN0YXR1c3J3AQAAWAYAAABxdWV1ZWRyeAEAAFgVAAAAbWVzc2FnaW5nX3NlcnZpY2Vfc2lkcnkBAABOajkBAABYIgAAAFNNMTcwMGU3YWU0OGNmNDRmZjgxYzQzMmUzMWU1ZTVmOTVyegEAAFgJAAAAZGF0ZV9zZW50cnsBAABOWAwAAABkYXRlX2NyZWF0ZWRyfAEAAGpmAQAAamcBAABYCwAAAAfDpQQSEygoAAAAcn0BAABqaQEAAIZyfgEAAFJyfwEAAGptAQAAhnKAAQAAUnKBAQAAWAoAAABlcnJvcl9jb2RlcoIBAABOWAoAAABwcmljZV91bml0coMBAABYAwAAAFVTRHKEAQAAWAsAAABhcGlfdmVyc2lvbnKFAQAAWAoAAAAyMDEwLTA0LTAxcoYBAABYEAAAAHN1YnJlc291cmNlX3VyaXNyhwEAAH1yiAEAAFgFAAAAbWVkaWFyiQEAAFhuAAAALzIwMTAtMDQtMDEvQWNjb3VudHMvQUM3MTc0YjQ4OTk2ZmYyYWZmZWViZWIzZjI0ZGMwYzMwNy9NZXNzYWdlcy9TTTE3MDBlN2FlNDhjZjQ0ZmY4MWM0MzJlMzFlNWU1Zjk1L01lZGlhLmpzb25yigEAAHN1WAgAAABfY29udGV4dHKLAQAATmo3AQAAfXKMAQAAKGpLAQAAaBBqOQEAAGp6AQAAdXViLg==", "creation_date": "2021-04-18T19:40:40.477Z"}}, {"model": "main.smslog", "pk": 5, "fields": {"user": 1, "code": 6811, "message": "gAJjdHdpbGlvLnJlc3QuYXBpLnYyMDEwLmFjY291bnQubWVzc2FnZQpNZXNzYWdlSW5zdGFuY2UKcQApgXEBfXECKFgIAAAAX3ZlcnNpb25xA2N0d2lsaW8ucmVzdC5hcGkudjIwMTAKVjIwMTAKcQQpgXEFfXEGKFgGAAAAZG9tYWlucQdjdHdpbGlvLnJlc3QuYXBpCkFwaQpxCCmBcQl9cQooWAYAAAB0d2lsaW9xC2N0d2lsaW8ucmVzdApDbGllbnQKcQwpgXENfXEOKFgIAAAAdXNlcm5hbWVxD1giAAAAQUM3MTc0YjQ4OTk2ZmYyYWZmZWViZWIzZjI0ZGMwYzMwN3EQWAgAAABwYXNzd29yZHERWCAAAAA2YzZmMzNkMTAyOWU3ZTRmNDRiMWQ2ZTk4YmYxMTkxZHESWAsAAABhY2NvdW50X3NpZHETaBBYBAAAAGVkZ2VxFE5YBgAAAHJlZ2lvbnEVTlgEAAAAYXV0aHEWaBBoEoZxF1gLAAAAaHR0cF9jbGllbnRxGGN0d2lsaW8uaHR0cC5odHRwX2NsaWVudApUd2lsaW9IdHRwQ2xpZW50CnEZKYFxGn1xGyhYBwAAAHNlc3Npb25xHGNyZXF1ZXN0cy5zZXNzaW9ucwpTZXNzaW9uCnEdKYFxHn1xHyhYBwAAAGhlYWRlcnNxIGNyZXF1ZXN0cy5zdHJ1Y3R1cmVzCkNhc2VJbnNlbnNpdGl2ZURpY3QKcSEpgXEifXEjWAYAAABfc3RvcmVxJGNjb2xsZWN0aW9ucwpPcmRlcmVkRGljdApxJSlScSYoWAoAAAB1c2VyLWFnZW50cSdYCgAAAFVzZXItQWdlbnRxKFgWAAAAcHl0aG9uLXJlcXVlc3RzLzIuMjUuMXEphnEqWA8AAABhY2NlcHQtZW5jb2RpbmdxK1gPAAAAQWNjZXB0LUVuY29kaW5ncSxYDQAAAGd6aXAsIGRlZmxhdGVxLYZxLlgGAAAAYWNjZXB0cS9YBgAAAEFjY2VwdHEwWAMAAAAqLypxMYZxMlgKAAAAY29ubmVjdGlvbnEzWAoAAABDb25uZWN0aW9ucTRYCgAAAGtlZXAtYWxpdmVxNYZxNnVzYlgHAAAAY29va2llc3E3Y3JlcXVlc3RzLmNvb2tpZXMKUmVxdWVzdHNDb29raWVKYXIKcTgpgXE5fXE6KFgHAAAAX3BvbGljeXE7Y2Nvb2tpZWxpYgpEZWZhdWx0Q29va2llUG9saWN5CnE8KYFxPX1xPihYCAAAAG5ldHNjYXBlcT+IWAcAAAByZmMyOTY1cUCJWBMAAAByZmMyMTA5X2FzX25ldHNjYXBlcUFOWAwAAABoaWRlX2Nvb2tpZTJxQolYDQAAAHN0cmljdF9kb21haW5xQ4lYGwAAAHN0cmljdF9yZmMyOTY1X3VudmVyaWZpYWJsZXFEiFgWAAAAc3RyaWN0X25zX3VudmVyaWZpYWJsZXFFiVgQAAAAc3RyaWN0X25zX2RvbWFpbnFGSwBYHAAAAHN0cmljdF9uc19zZXRfaW5pdGlhbF9kb2xsYXJxR4lYEgAAAHN0cmljdF9uc19zZXRfcGF0aHFIiVgQAAAAc2VjdXJlX3Byb3RvY29sc3FJWAUAAABodHRwc3FKWAMAAAB3c3NxS4ZxTFgQAAAAX2Jsb2NrZWRfZG9tYWluc3FNKVgQAAAAX2FsbG93ZWRfZG9tYWluc3FOTlgEAAAAX25vd3FPSnCOfGB1YlgIAAAAX2Nvb2tpZXNxUH1xUVgEAAAAX25vd3FSSnCOfGB1YmgWTlgHAAAAcHJveGllc3FTfXFUWAUAAABob29rc3FVfXFWWAgAAAByZXNwb25zZXFXXXFYc1gGAAAAcGFyYW1zcVl9cVpYBgAAAHZlcmlmeXFbiFgEAAAAY2VydHFcTlgIAAAAYWRhcHRlcnNxXWglKVJxXihYCAAAAGh0dHBzOi8vcV9jcmVxdWVzdHMuYWRhcHRlcnMKSFRUUEFkYXB0ZXIKcWApgXFhfXFiKFgLAAAAbWF4X3JldHJpZXNxY2N1cmxsaWIzLnV0aWwucmV0cnkKUmV0cnkKcWQpgXFlfXFmKFgFAAAAdG90YWxxZ0sAWAcAAABjb25uZWN0cWhOWAQAAAByZWFkcWmJWAYAAABzdGF0dXNxak5YBQAAAG90aGVycWtOWAgAAAByZWRpcmVjdHFsTlgQAAAAc3RhdHVzX2ZvcmNlbGlzdHFtY19fYnVpbHRpbl9fCnNldApxbl1xb4VxcFJxcVgPAAAAYWxsb3dlZF9tZXRob2RzcXJjX19idWlsdGluX18KZnJvemVuc2V0CnFzXXF0KFgFAAAAVFJBQ0VxdVgDAAAAUFVUcXZYBAAAAEhFQURxd1gDAAAAR0VUcXhYBwAAAE9QVElPTlNxeVgGAAAAREVMRVRFcXplhXF7UnF8WA4AAABiYWNrb2ZmX2ZhY3RvcnF9SwBYEQAAAHJhaXNlX29uX3JlZGlyZWN0cX6IWA8AAAByYWlzZV9vbl9zdGF0dXNxf4hYBwAAAGhpc3RvcnlxgClYGgAAAHJlc3BlY3RfcmV0cnlfYWZ0ZXJfaGVhZGVycYGIWBoAAAByZW1vdmVfaGVhZGVyc19vbl9yZWRpcmVjdHGCaHNdcYNYDQAAAGF1dGhvcml6YXRpb25xhGGFcYVScYZ1YlgGAAAAY29uZmlncYd9cYhYEQAAAF9wb29sX2Nvbm5lY3Rpb25zcYlLClgNAAAAX3Bvb2xfbWF4c2l6ZXGKSwpYCwAAAF9wb29sX2Jsb2NrcYuJdWJYBwAAAGh0dHA6Ly9xjGhgKYFxjX1xjihoY2hkKYFxj31xkChoZ0sAaGhOaGmJaGpOaGtOaGxOaG1obl1xkYVxklJxk2hyaHxofUsAaH6IaH+IaIApaIGIaIJoc11xlFgNAAAAYXV0aG9yaXphdGlvbnGVYYVxllJxl3ViaId9cZhoiUsKaIpLCmiLiXVidVgGAAAAc3RyZWFtcZmJWAkAAAB0cnVzdF9lbnZxmohYDQAAAG1heF9yZWRpcmVjdHNxm0sedWJYDAAAAGxhc3RfcmVxdWVzdHGcY3R3aWxpby5odHRwLnJlcXVlc3QKUmVxdWVzdApxnSmBcZ59cZ8oWAYAAABtZXRob2RxoFgEAAAAUE9TVHGhWAMAAAB1cmxxolhbAAAAaHR0cHM6Ly9hcGkudHdpbGlvLmNvbS8yMDEwLTA0LTAxL0FjY291bnRzL0FDNzE3NGI0ODk5NmZmMmFmZmVlYmViM2YyNGRjMGMzMDcvTWVzc2FnZXMuanNvbnGjaBZoF2hZTlgEAAAAZGF0YXGkfXGlKFgCAAAAVG9xplgMAAAAKzc5Njg4MzEyMjE5cadYBAAAAEZyb21xqFgMAAAAKzEyMTMzMjIxMDM3calYBAAAAEJvZHlxqlgXAAAAVmlyaWZpY2F0aW9uIGNvZGU6IDY4MTFxq3VoIH1xrChYCgAAAFVzZXItQWdlbnRxrVgjAAAAdHdpbGlvLXB5dGhvbi82LjU2LjAgKFB5dGhvbiAzLjguNSlxrlgPAAAAWC1Ud2lsaW8tQ2xpZW50ca9YDQAAAHB5dGhvbi02LjU2LjBxsFgOAAAAQWNjZXB0LUNoYXJzZXRxsVgFAAAAdXRmLThxslgMAAAAQ29udGVudC1UeXBlcbNYIQAAAGFwcGxpY2F0aW9uL3gtd3d3LWZvcm0tdXJsZW5jb2RlZHG0aDBYEAAAAGFwcGxpY2F0aW9uL2pzb25xtXV1YlgNAAAAbGFzdF9yZXNwb25zZXG2Y3R3aWxpby5odHRwLnJlc3BvbnNlClJlc3BvbnNlCnG3KYFxuH1xuShYBwAAAGNvbnRlbnRxulg5AwAAeyJzaWQiOiAiU01jOTA1OGVhNWJlNWQ0NGFhODNlM2JkMTUzMGUwNjJlMCIsICJkYXRlX2NyZWF0ZWQiOiAiU3VuLCAxOCBBcHIgMjAyMSAxOTo1NDoyNCArMDAwMCIsICJkYXRlX3VwZGF0ZWQiOiAiU3VuLCAxOCBBcHIgMjAyMSAxOTo1NDoyNCArMDAwMCIsICJkYXRlX3NlbnQiOiBudWxsLCAiYWNjb3VudF9zaWQiOiAiQUM3MTc0YjQ4OTk2ZmYyYWZmZWViZWIzZjI0ZGMwYzMwNyIsICJ0byI6ICIrNzk2ODgzMTIyMTkiLCAiZnJvbSI6ICIrMTIxMzMyMjEwMzciLCAibWVzc2FnaW5nX3NlcnZpY2Vfc2lkIjogbnVsbCwgImJvZHkiOiAiU2VudCBmcm9tIHlvdXIgVHdpbGlvIHRyaWFsIGFjY291bnQgLSBWaXJpZmljYXRpb24gY29kZTogNjgxMSIsICJzdGF0dXMiOiAicXVldWVkIiwgIm51bV9zZWdtZW50cyI6ICIxIiwgIm51bV9tZWRpYSI6ICIwIiwgImRpcmVjdGlvbiI6ICJvdXRib3VuZC1hcGkiLCAiYXBpX3ZlcnNpb24iOiAiMjAxMC0wNC0wMSIsICJwcmljZSI6IG51bGwsICJwcmljZV91bml0IjogIlVTRCIsICJlcnJvcl9jb2RlIjogbnVsbCwgImVycm9yX21lc3NhZ2UiOiBudWxsLCAidXJpIjogIi8yMDEwLTA0LTAxL0FjY291bnRzL0FDNzE3NGI0ODk5NmZmMmFmZmVlYmViM2YyNGRjMGMzMDcvTWVzc2FnZXMvU01jOTA1OGVhNWJlNWQ0NGFhODNlM2JkMTUzMGUwNjJlMC5qc29uIiwgInN1YnJlc291cmNlX3VyaXMiOiB7Im1lZGlhIjogIi8yMDEwLTA0LTAxL0FjY291bnRzL0FDNzE3NGI0ODk5NmZmMmFmZmVlYmViM2YyNGRjMGMzMDcvTWVzc2FnZXMvU01jOTA1OGVhNWJlNWQ0NGFhODNlM2JkMTUzMGUwNjJlMC9NZWRpYS5qc29uIn19cbtoIGghKYFxvH1xvWgkaCUpUnG+KFgEAAAAZGF0ZXG/WAQAAABEYXRlccBYHQAAAFN1biwgMTggQXByIDIwMjEgMTk6NTQ6MjQgR01UccGGccJYDAAAAGNvbnRlbnQtdHlwZXHDWAwAAABDb250ZW50LVR5cGVxxFgfAAAAYXBwbGljYXRpb24vanNvbjsgY2hhcnNldD11dGYtOHHFhnHGWA4AAABjb250ZW50LWxlbmd0aHHHWA4AAABDb250ZW50LUxlbmd0aHHIWAMAAAA4MjVxyYZxylgKAAAAY29ubmVjdGlvbnHLWAoAAABDb25uZWN0aW9uccxYCgAAAGtlZXAtYWxpdmVxzYZxzlgaAAAAdHdpbGlvLWNvbmN1cnJlbnQtcmVxdWVzdHNxz1gaAAAAVHdpbGlvLUNvbmN1cnJlbnQtUmVxdWVzdHNx0FgBAAAAMXHRhnHSWBEAAAB0d2lsaW8tcmVxdWVzdC1pZHHTWBEAAABUd2lsaW8tUmVxdWVzdC1JZHHUWCIAAABSUTI4M2VhMmFhNWY5YjM4ODU4Zjc4NjYzODc5ZDk5NzU1cdWGcdZYFwAAAHR3aWxpby1yZXF1ZXN0LWR1cmF0aW9ucddYFwAAAFR3aWxpby1SZXF1ZXN0LUR1cmF0aW9ucdhYBQAAADAuMTI2cdmGcdpYGwAAAGFjY2Vzcy1jb250cm9sLWFsbG93LW9yaWdpbnHbWBsAAABBY2Nlc3MtQ29udHJvbC1BbGxvdy1PcmlnaW5x3FgBAAAAKnHdhnHeWBwAAABhY2Nlc3MtY29udHJvbC1hbGxvdy1oZWFkZXJzcd9YHAAAAEFjY2Vzcy1Db250cm9sLUFsbG93LUhlYWRlcnNx4FhkAAAAQWNjZXB0LCBBdXRob3JpemF0aW9uLCBDb250ZW50LVR5cGUsIElmLU1hdGNoLCBJZi1Nb2RpZmllZC1TaW5jZSwgSWYtTm9uZS1NYXRjaCwgSWYtVW5tb2RpZmllZC1TaW5jZXHhhnHiWBwAAABhY2Nlc3MtY29udHJvbC1hbGxvdy1tZXRob2RzceNYHAAAAEFjY2Vzcy1Db250cm9sLUFsbG93LU1ldGhvZHNx5FgaAAAAR0VULCBQT1NULCBERUxFVEUsIE9QVElPTlNx5YZx5lgdAAAAYWNjZXNzLWNvbnRyb2wtZXhwb3NlLWhlYWRlcnNx51gdAAAAQWNjZXNzLUNvbnRyb2wtRXhwb3NlLUhlYWRlcnNx6FgEAAAARVRhZ3HphnHqWCAAAABhY2Nlc3MtY29udHJvbC1hbGxvdy1jcmVkZW50aWFsc3HrWCAAAABBY2Nlc3MtQ29udHJvbC1BbGxvdy1DcmVkZW50aWFsc3HsWAQAAAB0cnVlce2Gce5YDAAAAHgtcG93ZXJlZC1ieXHvWAwAAABYLVBvd2VyZWQtQnlx8FgHAAAAQVQtNTAwMHHxhnHyWA0AAAB4LXNoZW5hbmlnYW5zcfNYDQAAAFgtU2hlbmFuaWdhbnNx9FgEAAAAbm9uZXH1hnH2WA0AAAB4LWhvbWUtcmVnaW9ucfdYDQAAAFgtSG9tZS1SZWdpb25x+FgDAAAAdXMxcfmGcfpYDAAAAHgtYXBpLWRvbWFpbnH7WAwAAABYLUFQSS1Eb21haW5x/FgOAAAAYXBpLnR3aWxpby5jb21x/YZx/lgZAAAAc3RyaWN0LXRyYW5zcG9ydC1zZWN1cml0eXH/WBkAAABTdHJpY3QtVHJhbnNwb3J0LVNlY3VyaXR5cgABAABYEAAAAG1heC1hZ2U9MzE1MzYwMDByAQEAAIZyAgEAAHVzYlgGAAAAY2FjaGVkcgMBAACJWAsAAABzdGF0dXNfY29kZXIEAQAAS8lYAgAAAG9rcgUBAACIdWJYBgAAAGxvZ2dlcnIGAQAAY2xvZ2dpbmcKZ2V0TG9nZ2VyCnIHAQAAWBIAAAB0d2lsaW8uaHR0cF9jbGllbnRyCAEAAIVyCQEAAFJyCgEAAFgNAAAAcmVxdWVzdF9ob29rc3ILAQAAfXIMAQAAaFddcg0BAABzWAcAAAB0aW1lb3V0cg4BAABOWAUAAABwcm94eXIPAQAATnViWAkAAABfYWNjb3VudHNyEAEAAE5YBAAAAF9hcGlyEQEAAGgJWAoAAABfYXV0b3BpbG90chIBAABOWAUAAABfY2hhdHITAQAATlgOAAAAX2NvbnZlcnNhdGlvbnNyFAEAAE5YBwAAAF9ldmVudHNyFQEAAE5YBAAAAF9mYXhyFgEAAE5YCQAAAF9mbGV4X2FwaXIXAQAATlgJAAAAX2luc2lnaHRzchgBAABOWA0AAABfaXBfbWVzc2FnaW5nchkBAABOWAgAAABfbG9va3Vwc3IaAQAATlgKAAAAX21lc3NhZ2luZ3IbAQAATlgIAAAAX21vbml0b3JyHAEAAE5YBwAAAF9ub3RpZnlyHQEAAE5YCAAAAF9udW1iZXJzch4BAABOWAgAAABfcHJldmlld3IfAQAATlgIAAAAX3ByaWNpbmdyIAEAAE5YBgAAAF9wcm94eXIhAQAATlgLAAAAX3NlcnZlcmxlc3NyIgEAAE5YBwAAAF9zdHVkaW9yIwEAAE5YBQAAAF9zeW5jciQBAABOWAsAAABfdGFza3JvdXRlcnIlAQAATlgJAAAAX3RydW5raW5nciYBAABOWAkAAABfdHJ1c3RodWJyJwEAAE5YBwAAAF92ZXJpZnlyKAEAAE5YBgAAAF92aWRlb3IpAQAATlgGAAAAX3ZvaWNlcioBAABOWAkAAABfd2lyZWxlc3NyKwEAAE5YCQAAAF9zdXBlcnNpbXIsAQAATlgMAAAAX2J1bGtleHBvcnRzci0BAABOdWJYCAAAAGJhc2VfdXJsci4BAABYFgAAAGh0dHBzOi8vYXBpLnR3aWxpby5jb21yLwEAAFgGAAAAX3YyMDEwcjABAABoBXViWAcAAAB2ZXJzaW9ucjEBAABYCgAAADIwMTAtMDQtMDFyMgEAAGoQAQAATlgIAAAAX2FjY291bnRyMwEAAGN0d2lsaW8ucmVzdC5hcGkudjIwMTAuYWNjb3VudApBY2NvdW50Q29udGV4dApyNAEAACmBcjUBAAB9cjYBAAAoaANoBVgJAAAAX3NvbHV0aW9ucjcBAAB9cjgBAABYAwAAAHNpZHI5AQAAaBBzWAQAAABfdXJpcjoBAABYMQAAAC9BY2NvdW50cy9BQzcxNzRiNDg5OTZmZjJhZmZlZWJlYjNmMjRkYzBjMzA3Lmpzb25yOwEAAFgKAAAAX2FkZHJlc3Nlc3I8AQAATlgNAAAAX2FwcGxpY2F0aW9uc3I9AQAATlgYAAAAX2F1dGhvcml6ZWRfY29ubmVjdF9hcHBzcj4BAABOWBgAAABfYXZhaWxhYmxlX3Bob25lX251bWJlcnNyPwEAAE5YCAAAAF9iYWxhbmNlckABAABOWAYAAABfY2FsbHNyQQEAAE5YDAAAAF9jb25mZXJlbmNlc3JCAQAATlgNAAAAX2Nvbm5lY3RfYXBwc3JDAQAATlgXAAAAX2luY29taW5nX3Bob25lX251bWJlcnNyRAEAAE5YBQAAAF9rZXlzckUBAABOWAkAAABfbWVzc2FnZXNyRgEAAGN0d2lsaW8ucmVzdC5hcGkudjIwMTAuYWNjb3VudC5tZXNzYWdlCk1lc3NhZ2VMaXN0CnJHAQAAKYFySAEAAH1ySQEAAChoA2gFajcBAAB9ckoBAABYCwAAAGFjY291bnRfc2lkcksBAABoEHNqOgEAAFg6AAAAL0FjY291bnRzL0FDNzE3NGI0ODk5NmZmMmFmZmVlYmViM2YyNGRjMGMzMDcvTWVzc2FnZXMuanNvbnJMAQAAdWJYCQAAAF9uZXdfa2V5c3JNAQAATlgRAAAAX25ld19zaWduaW5nX2tleXNyTgEAAE5YDgAAAF9ub3RpZmljYXRpb25zck8BAABOWBQAAABfb3V0Z29pbmdfY2FsbGVyX2lkc3JQAQAATlgHAAAAX3F1ZXVlc3JRAQAATlgLAAAAX3JlY29yZGluZ3NyUgEAAE5YDQAAAF9zaWduaW5nX2tleXNyUwEAAE5YBAAAAF9zaXByVAEAAE5YDAAAAF9zaG9ydF9jb2Rlc3JVAQAATlgHAAAAX3Rva2Vuc3JWAQAATlgPAAAAX3RyYW5zY3JpcHRpb25zclcBAABOWAYAAABfdXNhZ2VyWAEAAE5YFAAAAF92YWxpZGF0aW9uX3JlcXVlc3RzclkBAABOdWJ1YlgLAAAAX3Byb3BlcnRpZXNyWgEAAH1yWwEAAChYBAAAAGJvZHlyXAEAAFg9AAAAU2VudCBmcm9tIHlvdXIgVHdpbGlvIHRyaWFsIGFjY291bnQgLSBWaXJpZmljYXRpb24gY29kZTogNjgxMXJdAQAAWAwAAABudW1fc2VnbWVudHNyXgEAAGjRWAkAAABkaXJlY3Rpb25yXwEAAFgMAAAAb3V0Ym91bmQtYXBpcmABAABYBQAAAGZyb21fcmEBAABYDAAAACsxMjEzMzIyMTAzN3JiAQAAWAIAAAB0b3JjAQAAWAwAAAArNzk2ODgzMTIyMTlyZAEAAFgMAAAAZGF0ZV91cGRhdGVkcmUBAABjZGF0ZXRpbWUKZGF0ZXRpbWUKcmYBAABjX2NvZGVjcwplbmNvZGUKcmcBAABYCwAAAAfDpQQSEzYYAAAAcmgBAABYBgAAAGxhdGluMXJpAQAAhnJqAQAAUnJrAQAAY3B5dHoKX1VUQwpybAEAAClScm0BAACGcm4BAABScm8BAABYBQAAAHByaWNlcnABAABOWA0AAABlcnJvcl9tZXNzYWdlcnEBAABOWAMAAAB1cmlycgEAAFhoAAAALzIwMTAtMDQtMDEvQWNjb3VudHMvQUM3MTc0YjQ4OTk2ZmYyYWZmZWViZWIzZjI0ZGMwYzMwNy9NZXNzYWdlcy9TTWM5MDU4ZWE1YmU1ZDQ0YWE4M2UzYmQxNTMwZTA2MmUwLmpzb25ycwEAAGpLAQAAWCIAAABBQzcxNzRiNDg5OTZmZjJhZmZlZWJlYjNmMjRkYzBjMzA3cnQBAABYCQAAAG51bV9tZWRpYXJ1AQAAWAEAAAAwcnYBAABYBgAAAHN0YXR1c3J3AQAAWAYAAABxdWV1ZWRyeAEAAFgVAAAAbWVzc2FnaW5nX3NlcnZpY2Vfc2lkcnkBAABOajkBAABYIgAAAFNNYzkwNThlYTViZTVkNDRhYTgzZTNiZDE1MzBlMDYyZTByegEAAFgJAAAAZGF0ZV9zZW50cnsBAABOWAwAAABkYXRlX2NyZWF0ZWRyfAEAAGpmAQAAamcBAABYCwAAAAfDpQQSEzYYAAAAcn0BAABqaQEAAIZyfgEAAFJyfwEAAGptAQAAhnKAAQAAUnKBAQAAWAoAAABlcnJvcl9jb2RlcoIBAABOWAoAAABwcmljZV91bml0coMBAABYAwAAAFVTRHKEAQAAWAsAAABhcGlfdmVyc2lvbnKFAQAAWAoAAAAyMDEwLTA0LTAxcoYBAABYEAAAAHN1YnJlc291cmNlX3VyaXNyhwEAAH1yiAEAAFgFAAAAbWVkaWFyiQEAAFhuAAAALzIwMTAtMDQtMDEvQWNjb3VudHMvQUM3MTc0YjQ4OTk2ZmYyYWZmZWViZWIzZjI0ZGMwYzMwNy9NZXNzYWdlcy9TTWM5MDU4ZWE1YmU1ZDQ0YWE4M2UzYmQxNTMwZTA2MmUwL01lZGlhLmpzb25yigEAAHN1WAgAAABfY29udGV4dHKLAQAATmo3AQAAfXKMAQAAKGpLAQAAaBBqOQEAAGp6AQAAdXViLg==", "creation_date": "2021-04-18T19:54:24.789Z"}}, {"model": "main.smslog", "pk": 6, "fields": {"user": 1, "code": 1881, "message": "gAJjdHdpbGlvLnJlc3QuYXBpLnYyMDEwLmFjY291bnQubWVzc2FnZQpNZXNzYWdlSW5zdGFuY2UKcQApgXEBfXECKFgIAAAAX3ZlcnNpb25xA2N0d2lsaW8ucmVzdC5hcGkudjIwMTAKVjIwMTAKcQQpgXEFfXEGKFgGAAAAZG9tYWlucQdjdHdpbGlvLnJlc3QuYXBpCkFwaQpxCCmBcQl9cQooWAYAAAB0d2lsaW9xC2N0d2lsaW8ucmVzdApDbGllbnQKcQwpgXENfXEOKFgIAAAAdXNlcm5hbWVxD1giAAAAQUM3MTc0YjQ4OTk2ZmYyYWZmZWViZWIzZjI0ZGMwYzMwN3EQWAgAAABwYXNzd29yZHERWCAAAAA2YzZmMzNkMTAyOWU3ZTRmNDRiMWQ2ZTk4YmYxMTkxZHESWAsAAABhY2NvdW50X3NpZHETaBBYBAAAAGVkZ2VxFE5YBgAAAHJlZ2lvbnEVTlgEAAAAYXV0aHEWaBBoEoZxF1gLAAAAaHR0cF9jbGllbnRxGGN0d2lsaW8uaHR0cC5odHRwX2NsaWVudApUd2lsaW9IdHRwQ2xpZW50CnEZKYFxGn1xGyhYBwAAAHNlc3Npb25xHGNyZXF1ZXN0cy5zZXNzaW9ucwpTZXNzaW9uCnEdKYFxHn1xHyhYBwAAAGhlYWRlcnNxIGNyZXF1ZXN0cy5zdHJ1Y3R1cmVzCkNhc2VJbnNlbnNpdGl2ZURpY3QKcSEpgXEifXEjWAYAAABfc3RvcmVxJGNjb2xsZWN0aW9ucwpPcmRlcmVkRGljdApxJSlScSYoWAoAAAB1c2VyLWFnZW50cSdYCgAAAFVzZXItQWdlbnRxKFgWAAAAcHl0aG9uLXJlcXVlc3RzLzIuMjUuMXEphnEqWA8AAABhY2NlcHQtZW5jb2RpbmdxK1gPAAAAQWNjZXB0LUVuY29kaW5ncSxYDQAAAGd6aXAsIGRlZmxhdGVxLYZxLlgGAAAAYWNjZXB0cS9YBgAAAEFjY2VwdHEwWAMAAAAqLypxMYZxMlgKAAAAY29ubmVjdGlvbnEzWAoAAABDb25uZWN0aW9ucTRYCgAAAGtlZXAtYWxpdmVxNYZxNnVzYlgHAAAAY29va2llc3E3Y3JlcXVlc3RzLmNvb2tpZXMKUmVxdWVzdHNDb29raWVKYXIKcTgpgXE5fXE6KFgHAAAAX3BvbGljeXE7Y2Nvb2tpZWxpYgpEZWZhdWx0Q29va2llUG9saWN5CnE8KYFxPX1xPihYCAAAAG5ldHNjYXBlcT+IWAcAAAByZmMyOTY1cUCJWBMAAAByZmMyMTA5X2FzX25ldHNjYXBlcUFOWAwAAABoaWRlX2Nvb2tpZTJxQolYDQAAAHN0cmljdF9kb21haW5xQ4lYGwAAAHN0cmljdF9yZmMyOTY1X3VudmVyaWZpYWJsZXFEiFgWAAAAc3RyaWN0X25zX3VudmVyaWZpYWJsZXFFiVgQAAAAc3RyaWN0X25zX2RvbWFpbnFGSwBYHAAAAHN0cmljdF9uc19zZXRfaW5pdGlhbF9kb2xsYXJxR4lYEgAAAHN0cmljdF9uc19zZXRfcGF0aHFIiVgQAAAAc2VjdXJlX3Byb3RvY29sc3FJWAUAAABodHRwc3FKWAMAAAB3c3NxS4ZxTFgQAAAAX2Jsb2NrZWRfZG9tYWluc3FNKVgQAAAAX2FsbG93ZWRfZG9tYWluc3FOTlgEAAAAX25vd3FPSnWOfGB1YlgIAAAAX2Nvb2tpZXNxUH1xUVgEAAAAX25vd3FSSnWOfGB1YmgWTlgHAAAAcHJveGllc3FTfXFUWAUAAABob29rc3FVfXFWWAgAAAByZXNwb25zZXFXXXFYc1gGAAAAcGFyYW1zcVl9cVpYBgAAAHZlcmlmeXFbiFgEAAAAY2VydHFcTlgIAAAAYWRhcHRlcnNxXWglKVJxXihYCAAAAGh0dHBzOi8vcV9jcmVxdWVzdHMuYWRhcHRlcnMKSFRUUEFkYXB0ZXIKcWApgXFhfXFiKFgLAAAAbWF4X3JldHJpZXNxY2N1cmxsaWIzLnV0aWwucmV0cnkKUmV0cnkKcWQpgXFlfXFmKFgFAAAAdG90YWxxZ0sAWAcAAABjb25uZWN0cWhOWAQAAAByZWFkcWmJWAYAAABzdGF0dXNxak5YBQAAAG90aGVycWtOWAgAAAByZWRpcmVjdHFsTlgQAAAAc3RhdHVzX2ZvcmNlbGlzdHFtY19fYnVpbHRpbl9fCnNldApxbl1xb4VxcFJxcVgPAAAAYWxsb3dlZF9tZXRob2RzcXJjX19idWlsdGluX18KZnJvemVuc2V0CnFzXXF0KFgFAAAAVFJBQ0VxdVgDAAAAUFVUcXZYBAAAAEhFQURxd1gDAAAAR0VUcXhYBwAAAE9QVElPTlNxeVgGAAAAREVMRVRFcXplhXF7UnF8WA4AAABiYWNrb2ZmX2ZhY3RvcnF9SwBYEQAAAHJhaXNlX29uX3JlZGlyZWN0cX6IWA8AAAByYWlzZV9vbl9zdGF0dXNxf4hYBwAAAGhpc3RvcnlxgClYGgAAAHJlc3BlY3RfcmV0cnlfYWZ0ZXJfaGVhZGVycYGIWBoAAAByZW1vdmVfaGVhZGVyc19vbl9yZWRpcmVjdHGCaHNdcYNYDQAAAGF1dGhvcml6YXRpb25xhGGFcYVScYZ1YlgGAAAAY29uZmlncYd9cYhYEQAAAF9wb29sX2Nvbm5lY3Rpb25zcYlLClgNAAAAX3Bvb2xfbWF4c2l6ZXGKSwpYCwAAAF9wb29sX2Jsb2NrcYuJdWJYBwAAAGh0dHA6Ly9xjGhgKYFxjX1xjihoY2hkKYFxj31xkChoZ0sAaGhOaGmJaGpOaGtOaGxOaG1obl1xkYVxklJxk2hyaHxofUsAaH6IaH+IaIApaIGIaIJoc11xlFgNAAAAYXV0aG9yaXphdGlvbnGVYYVxllJxl3ViaId9cZhoiUsKaIpLCmiLiXVidVgGAAAAc3RyZWFtcZmJWAkAAAB0cnVzdF9lbnZxmohYDQAAAG1heF9yZWRpcmVjdHNxm0sedWJYDAAAAGxhc3RfcmVxdWVzdHGcY3R3aWxpby5odHRwLnJlcXVlc3QKUmVxdWVzdApxnSmBcZ59cZ8oWAYAAABtZXRob2RxoFgEAAAAUE9TVHGhWAMAAAB1cmxxolhbAAAAaHR0cHM6Ly9hcGkudHdpbGlvLmNvbS8yMDEwLTA0LTAxL0FjY291bnRzL0FDNzE3NGI0ODk5NmZmMmFmZmVlYmViM2YyNGRjMGMzMDcvTWVzc2FnZXMuanNvbnGjaBZoF2hZTlgEAAAAZGF0YXGkfXGlKFgCAAAAVG9xplgMAAAAKzc5Njg4MzEyMjE5cadYBAAAAEZyb21xqFgMAAAAKzEyMTMzMjIxMDM3calYBAAAAEJvZHlxqlgXAAAAVmlyaWZpY2F0aW9uIGNvZGU6IDE4ODFxq3VoIH1xrChYCgAAAFVzZXItQWdlbnRxrVgjAAAAdHdpbGlvLXB5dGhvbi82LjU2LjAgKFB5dGhvbiAzLjguNSlxrlgPAAAAWC1Ud2lsaW8tQ2xpZW50ca9YDQAAAHB5dGhvbi02LjU2LjBxsFgOAAAAQWNjZXB0LUNoYXJzZXRxsVgFAAAAdXRmLThxslgMAAAAQ29udGVudC1UeXBlcbNYIQAAAGFwcGxpY2F0aW9uL3gtd3d3LWZvcm0tdXJsZW5jb2RlZHG0aDBYEAAAAGFwcGxpY2F0aW9uL2pzb25xtXV1YlgNAAAAbGFzdF9yZXNwb25zZXG2Y3R3aWxpby5odHRwLnJlc3BvbnNlClJlc3BvbnNlCnG3KYFxuH1xuShYBwAAAGNvbnRlbnRxulg5AwAAeyJzaWQiOiAiU00zNjkwNjBiNzg5YjM0ZTk1YWQ1YzNjMWIyODg5MGJmOSIsICJkYXRlX2NyZWF0ZWQiOiAiU3VuLCAxOCBBcHIgMjAyMSAxOTo1NDoyOSArMDAwMCIsICJkYXRlX3VwZGF0ZWQiOiAiU3VuLCAxOCBBcHIgMjAyMSAxOTo1NDoyOSArMDAwMCIsICJkYXRlX3NlbnQiOiBudWxsLCAiYWNjb3VudF9zaWQiOiAiQUM3MTc0YjQ4OTk2ZmYyYWZmZWViZWIzZjI0ZGMwYzMwNyIsICJ0byI6ICIrNzk2ODgzMTIyMTkiLCAiZnJvbSI6ICIrMTIxMzMyMjEwMzciLCAibWVzc2FnaW5nX3NlcnZpY2Vfc2lkIjogbnVsbCwgImJvZHkiOiAiU2VudCBmcm9tIHlvdXIgVHdpbGlvIHRyaWFsIGFjY291bnQgLSBWaXJpZmljYXRpb24gY29kZTogMTg4MSIsICJzdGF0dXMiOiAicXVldWVkIiwgIm51bV9zZWdtZW50cyI6ICIxIiwgIm51bV9tZWRpYSI6ICIwIiwgImRpcmVjdGlvbiI6ICJvdXRib3VuZC1hcGkiLCAiYXBpX3ZlcnNpb24iOiAiMjAxMC0wNC0wMSIsICJwcmljZSI6IG51bGwsICJwcmljZV91bml0IjogIlVTRCIsICJlcnJvcl9jb2RlIjogbnVsbCwgImVycm9yX21lc3NhZ2UiOiBudWxsLCAidXJpIjogIi8yMDEwLTA0LTAxL0FjY291bnRzL0FDNzE3NGI0ODk5NmZmMmFmZmVlYmViM2YyNGRjMGMzMDcvTWVzc2FnZXMvU00zNjkwNjBiNzg5YjM0ZTk1YWQ1YzNjMWIyODg5MGJmOS5qc29uIiwgInN1YnJlc291cmNlX3VyaXMiOiB7Im1lZGlhIjogIi8yMDEwLTA0LTAxL0FjY291bnRzL0FDNzE3NGI0ODk5NmZmMmFmZmVlYmViM2YyNGRjMGMzMDcvTWVzc2FnZXMvU00zNjkwNjBiNzg5YjM0ZTk1YWQ1YzNjMWIyODg5MGJmOS9NZWRpYS5qc29uIn19cbtoIGghKYFxvH1xvWgkaCUpUnG+KFgEAAAAZGF0ZXG/WAQAAABEYXRlccBYHQAAAFN1biwgMTggQXByIDIwMjEgMTk6NTQ6MjkgR01UccGGccJYDAAAAGNvbnRlbnQtdHlwZXHDWAwAAABDb250ZW50LVR5cGVxxFgfAAAAYXBwbGljYXRpb24vanNvbjsgY2hhcnNldD11dGYtOHHFhnHGWA4AAABjb250ZW50LWxlbmd0aHHHWA4AAABDb250ZW50LUxlbmd0aHHIWAMAAAA4MjVxyYZxylgKAAAAY29ubmVjdGlvbnHLWAoAAABDb25uZWN0aW9uccxYCgAAAGtlZXAtYWxpdmVxzYZxzlgaAAAAdHdpbGlvLWNvbmN1cnJlbnQtcmVxdWVzdHNxz1gaAAAAVHdpbGlvLUNvbmN1cnJlbnQtUmVxdWVzdHNx0FgBAAAAMXHRhnHSWBEAAAB0d2lsaW8tcmVxdWVzdC1pZHHTWBEAAABUd2lsaW8tUmVxdWVzdC1JZHHUWCIAAABSUTIzNDU0OWI4NzMzNjUxNTgxNzI1YTEwMDlhMTIyMjg5cdWGcdZYFwAAAHR3aWxpby1yZXF1ZXN0LWR1cmF0aW9ucddYFwAAAFR3aWxpby1SZXF1ZXN0LUR1cmF0aW9ucdhYBQAAADAuMTUxcdmGcdpYGwAAAGFjY2Vzcy1jb250cm9sLWFsbG93LW9yaWdpbnHbWBsAAABBY2Nlc3MtQ29udHJvbC1BbGxvdy1PcmlnaW5x3FgBAAAAKnHdhnHeWBwAAABhY2Nlc3MtY29udHJvbC1hbGxvdy1oZWFkZXJzcd9YHAAAAEFjY2Vzcy1Db250cm9sLUFsbG93LUhlYWRlcnNx4FhkAAAAQWNjZXB0LCBBdXRob3JpemF0aW9uLCBDb250ZW50LVR5cGUsIElmLU1hdGNoLCBJZi1Nb2RpZmllZC1TaW5jZSwgSWYtTm9uZS1NYXRjaCwgSWYtVW5tb2RpZmllZC1TaW5jZXHhhnHiWBwAAABhY2Nlc3MtY29udHJvbC1hbGxvdy1tZXRob2RzceNYHAAAAEFjY2Vzcy1Db250cm9sLUFsbG93LU1ldGhvZHNx5FgaAAAAR0VULCBQT1NULCBERUxFVEUsIE9QVElPTlNx5YZx5lgdAAAAYWNjZXNzLWNvbnRyb2wtZXhwb3NlLWhlYWRlcnNx51gdAAAAQWNjZXNzLUNvbnRyb2wtRXhwb3NlLUhlYWRlcnNx6FgEAAAARVRhZ3HphnHqWCAAAABhY2Nlc3MtY29udHJvbC1hbGxvdy1jcmVkZW50aWFsc3HrWCAAAABBY2Nlc3MtQ29udHJvbC1BbGxvdy1DcmVkZW50aWFsc3HsWAQAAAB0cnVlce2Gce5YDAAAAHgtcG93ZXJlZC1ieXHvWAwAAABYLVBvd2VyZWQtQnlx8FgHAAAAQVQtNTAwMHHxhnHyWA0AAAB4LXNoZW5hbmlnYW5zcfNYDQAAAFgtU2hlbmFuaWdhbnNx9FgEAAAAbm9uZXH1hnH2WA0AAAB4LWhvbWUtcmVnaW9ucfdYDQAAAFgtSG9tZS1SZWdpb25x+FgDAAAAdXMxcfmGcfpYDAAAAHgtYXBpLWRvbWFpbnH7WAwAAABYLUFQSS1Eb21haW5x/FgOAAAAYXBpLnR3aWxpby5jb21x/YZx/lgZAAAAc3RyaWN0LXRyYW5zcG9ydC1zZWN1cml0eXH/WBkAAABTdHJpY3QtVHJhbnNwb3J0LVNlY3VyaXR5cgABAABYEAAAAG1heC1hZ2U9MzE1MzYwMDByAQEAAIZyAgEAAHVzYlgGAAAAY2FjaGVkcgMBAACJWAsAAABzdGF0dXNfY29kZXIEAQAAS8lYAgAAAG9rcgUBAACIdWJYBgAAAGxvZ2dlcnIGAQAAY2xvZ2dpbmcKZ2V0TG9nZ2VyCnIHAQAAWBIAAAB0d2lsaW8uaHR0cF9jbGllbnRyCAEAAIVyCQEAAFJyCgEAAFgNAAAAcmVxdWVzdF9ob29rc3ILAQAAfXIMAQAAaFddcg0BAABzWAcAAAB0aW1lb3V0cg4BAABOWAUAAABwcm94eXIPAQAATnViWAkAAABfYWNjb3VudHNyEAEAAE5YBAAAAF9hcGlyEQEAAGgJWAoAAABfYXV0b3BpbG90chIBAABOWAUAAABfY2hhdHITAQAATlgOAAAAX2NvbnZlcnNhdGlvbnNyFAEAAE5YBwAAAF9ldmVudHNyFQEAAE5YBAAAAF9mYXhyFgEAAE5YCQAAAF9mbGV4X2FwaXIXAQAATlgJAAAAX2luc2lnaHRzchgBAABOWA0AAABfaXBfbWVzc2FnaW5nchkBAABOWAgAAABfbG9va3Vwc3IaAQAATlgKAAAAX21lc3NhZ2luZ3IbAQAATlgIAAAAX21vbml0b3JyHAEAAE5YBwAAAF9ub3RpZnlyHQEAAE5YCAAAAF9udW1iZXJzch4BAABOWAgAAABfcHJldmlld3IfAQAATlgIAAAAX3ByaWNpbmdyIAEAAE5YBgAAAF9wcm94eXIhAQAATlgLAAAAX3NlcnZlcmxlc3NyIgEAAE5YBwAAAF9zdHVkaW9yIwEAAE5YBQAAAF9zeW5jciQBAABOWAsAAABfdGFza3JvdXRlcnIlAQAATlgJAAAAX3RydW5raW5nciYBAABOWAkAAABfdHJ1c3RodWJyJwEAAE5YBwAAAF92ZXJpZnlyKAEAAE5YBgAAAF92aWRlb3IpAQAATlgGAAAAX3ZvaWNlcioBAABOWAkAAABfd2lyZWxlc3NyKwEAAE5YCQAAAF9zdXBlcnNpbXIsAQAATlgMAAAAX2J1bGtleHBvcnRzci0BAABOdWJYCAAAAGJhc2VfdXJsci4BAABYFgAAAGh0dHBzOi8vYXBpLnR3aWxpby5jb21yLwEAAFgGAAAAX3YyMDEwcjABAABoBXViWAcAAAB2ZXJzaW9ucjEBAABYCgAAADIwMTAtMDQtMDFyMgEAAGoQAQAATlgIAAAAX2FjY291bnRyMwEAAGN0d2lsaW8ucmVzdC5hcGkudjIwMTAuYWNjb3VudApBY2NvdW50Q29udGV4dApyNAEAACmBcjUBAAB9cjYBAAAoaANoBVgJAAAAX3NvbHV0aW9ucjcBAAB9cjgBAABYAwAAAHNpZHI5AQAAaBBzWAQAAABfdXJpcjoBAABYMQAAAC9BY2NvdW50cy9BQzcxNzRiNDg5OTZmZjJhZmZlZWJlYjNmMjRkYzBjMzA3Lmpzb25yOwEAAFgKAAAAX2FkZHJlc3Nlc3I8AQAATlgNAAAAX2FwcGxpY2F0aW9uc3I9AQAATlgYAAAAX2F1dGhvcml6ZWRfY29ubmVjdF9hcHBzcj4BAABOWBgAAABfYXZhaWxhYmxlX3Bob25lX251bWJlcnNyPwEAAE5YCAAAAF9iYWxhbmNlckABAABOWAYAAABfY2FsbHNyQQEAAE5YDAAAAF9jb25mZXJlbmNlc3JCAQAATlgNAAAAX2Nvbm5lY3RfYXBwc3JDAQAATlgXAAAAX2luY29taW5nX3Bob25lX251bWJlcnNyRAEAAE5YBQAAAF9rZXlzckUBAABOWAkAAABfbWVzc2FnZXNyRgEAAGN0d2lsaW8ucmVzdC5hcGkudjIwMTAuYWNjb3VudC5tZXNzYWdlCk1lc3NhZ2VMaXN0CnJHAQAAKYFySAEAAH1ySQEAAChoA2gFajcBAAB9ckoBAABYCwAAAGFjY291bnRfc2lkcksBAABoEHNqOgEAAFg6AAAAL0FjY291bnRzL0FDNzE3NGI0ODk5NmZmMmFmZmVlYmViM2YyNGRjMGMzMDcvTWVzc2FnZXMuanNvbnJMAQAAdWJYCQAAAF9uZXdfa2V5c3JNAQAATlgRAAAAX25ld19zaWduaW5nX2tleXNyTgEAAE5YDgAAAF9ub3RpZmljYXRpb25zck8BAABOWBQAAABfb3V0Z29pbmdfY2FsbGVyX2lkc3JQAQAATlgHAAAAX3F1ZXVlc3JRAQAATlgLAAAAX3JlY29yZGluZ3NyUgEAAE5YDQAAAF9zaWduaW5nX2tleXNyUwEAAE5YBAAAAF9zaXByVAEAAE5YDAAAAF9zaG9ydF9jb2Rlc3JVAQAATlgHAAAAX3Rva2Vuc3JWAQAATlgPAAAAX3RyYW5zY3JpcHRpb25zclcBAABOWAYAAABfdXNhZ2VyWAEAAE5YFAAAAF92YWxpZGF0aW9uX3JlcXVlc3RzclkBAABOdWJ1YlgLAAAAX3Byb3BlcnRpZXNyWgEAAH1yWwEAAChYBAAAAGJvZHlyXAEAAFg9AAAAU2VudCBmcm9tIHlvdXIgVHdpbGlvIHRyaWFsIGFjY291bnQgLSBWaXJpZmljYXRpb24gY29kZTogMTg4MXJdAQAAWAwAAABudW1fc2VnbWVudHNyXgEAAGjRWAkAAABkaXJlY3Rpb25yXwEAAFgMAAAAb3V0Ym91bmQtYXBpcmABAABYBQAAAGZyb21fcmEBAABYDAAAACsxMjEzMzIyMTAzN3JiAQAAWAIAAAB0b3JjAQAAWAwAAAArNzk2ODgzMTIyMTlyZAEAAFgMAAAAZGF0ZV91cGRhdGVkcmUBAABjZGF0ZXRpbWUKZGF0ZXRpbWUKcmYBAABjX2NvZGVjcwplbmNvZGUKcmcBAABYCwAAAAfDpQQSEzYdAAAAcmgBAABYBgAAAGxhdGluMXJpAQAAhnJqAQAAUnJrAQAAY3B5dHoKX1VUQwpybAEAAClScm0BAACGcm4BAABScm8BAABYBQAAAHByaWNlcnABAABOWA0AAABlcnJvcl9tZXNzYWdlcnEBAABOWAMAAAB1cmlycgEAAFhoAAAALzIwMTAtMDQtMDEvQWNjb3VudHMvQUM3MTc0YjQ4OTk2ZmYyYWZmZWViZWIzZjI0ZGMwYzMwNy9NZXNzYWdlcy9TTTM2OTA2MGI3ODliMzRlOTVhZDVjM2MxYjI4ODkwYmY5Lmpzb25ycwEAAGpLAQAAWCIAAABBQzcxNzRiNDg5OTZmZjJhZmZlZWJlYjNmMjRkYzBjMzA3cnQBAABYCQAAAG51bV9tZWRpYXJ1AQAAWAEAAAAwcnYBAABYBgAAAHN0YXR1c3J3AQAAWAYAAABxdWV1ZWRyeAEAAFgVAAAAbWVzc2FnaW5nX3NlcnZpY2Vfc2lkcnkBAABOajkBAABYIgAAAFNNMzY5MDYwYjc4OWIzNGU5NWFkNWMzYzFiMjg4OTBiZjlyegEAAFgJAAAAZGF0ZV9zZW50cnsBAABOWAwAAABkYXRlX2NyZWF0ZWRyfAEAAGpmAQAAamcBAABYCwAAAAfDpQQSEzYdAAAAcn0BAABqaQEAAIZyfgEAAFJyfwEAAGptAQAAhnKAAQAAUnKBAQAAWAoAAABlcnJvcl9jb2RlcoIBAABOWAoAAABwcmljZV91bml0coMBAABYAwAAAFVTRHKEAQAAWAsAAABhcGlfdmVyc2lvbnKFAQAAWAoAAAAyMDEwLTA0LTAxcoYBAABYEAAAAHN1YnJlc291cmNlX3VyaXNyhwEAAH1yiAEAAFgFAAAAbWVkaWFyiQEAAFhuAAAALzIwMTAtMDQtMDEvQWNjb3VudHMvQUM3MTc0YjQ4OTk2ZmYyYWZmZWViZWIzZjI0ZGMwYzMwNy9NZXNzYWdlcy9TTTM2OTA2MGI3ODliMzRlOTVhZDVjM2MxYjI4ODkwYmY5L01lZGlhLmpzb25yigEAAHN1WAgAAABfY29udGV4dHKLAQAATmo3AQAAfXKMAQAAKGpLAQAAaBBqOQEAAGp6AQAAdXViLg==", "creation_date": "2021-04-18T19:54:29.181Z"}}, {"model": "main.smslog", "pk": 7, "fields": {"user": 1, "code": 4866, "message": "gAJjdHdpbGlvLnJlc3QuYXBpLnYyMDEwLmFjY291bnQubWVzc2FnZQpNZXNzYWdlSW5zdGFuY2UKcQApgXEBfXECKFgIAAAAX3ZlcnNpb25xA2N0d2lsaW8ucmVzdC5hcGkudjIwMTAKVjIwMTAKcQQpgXEFfXEGKFgGAAAAZG9tYWlucQdjdHdpbGlvLnJlc3QuYXBpCkFwaQpxCCmBcQl9cQooWAYAAAB0d2lsaW9xC2N0d2lsaW8ucmVzdApDbGllbnQKcQwpgXENfXEOKFgIAAAAdXNlcm5hbWVxD1giAAAAQUM3MTc0YjQ4OTk2ZmYyYWZmZWViZWIzZjI0ZGMwYzMwN3EQWAgAAABwYXNzd29yZHERWCAAAAA2YzZmMzNkMTAyOWU3ZTRmNDRiMWQ2ZTk4YmYxMTkxZHESWAsAAABhY2NvdW50X3NpZHETaBBYBAAAAGVkZ2VxFE5YBgAAAHJlZ2lvbnEVTlgEAAAAYXV0aHEWaBBoEoZxF1gLAAAAaHR0cF9jbGllbnRxGGN0d2lsaW8uaHR0cC5odHRwX2NsaWVudApUd2lsaW9IdHRwQ2xpZW50CnEZKYFxGn1xGyhYBwAAAHNlc3Npb25xHGNyZXF1ZXN0cy5zZXNzaW9ucwpTZXNzaW9uCnEdKYFxHn1xHyhYBwAAAGhlYWRlcnNxIGNyZXF1ZXN0cy5zdHJ1Y3R1cmVzCkNhc2VJbnNlbnNpdGl2ZURpY3QKcSEpgXEifXEjWAYAAABfc3RvcmVxJGNjb2xsZWN0aW9ucwpPcmRlcmVkRGljdApxJSlScSYoWAoAAAB1c2VyLWFnZW50cSdYCgAAAFVzZXItQWdlbnRxKFgWAAAAcHl0aG9uLXJlcXVlc3RzLzIuMjUuMXEphnEqWA8AAABhY2NlcHQtZW5jb2RpbmdxK1gPAAAAQWNjZXB0LUVuY29kaW5ncSxYDQAAAGd6aXAsIGRlZmxhdGVxLYZxLlgGAAAAYWNjZXB0cS9YBgAAAEFjY2VwdHEwWAMAAAAqLypxMYZxMlgKAAAAY29ubmVjdGlvbnEzWAoAAABDb25uZWN0aW9ucTRYCgAAAGtlZXAtYWxpdmVxNYZxNnVzYlgHAAAAY29va2llc3E3Y3JlcXVlc3RzLmNvb2tpZXMKUmVxdWVzdHNDb29raWVKYXIKcTgpgXE5fXE6KFgHAAAAX3BvbGljeXE7Y2Nvb2tpZWxpYgpEZWZhdWx0Q29va2llUG9saWN5CnE8KYFxPX1xPihYCAAAAG5ldHNjYXBlcT+IWAcAAAByZmMyOTY1cUCJWBMAAAByZmMyMTA5X2FzX25ldHNjYXBlcUFOWAwAAABoaWRlX2Nvb2tpZTJxQolYDQAAAHN0cmljdF9kb21haW5xQ4lYGwAAAHN0cmljdF9yZmMyOTY1X3VudmVyaWZpYWJsZXFEiFgWAAAAc3RyaWN0X25zX3VudmVyaWZpYWJsZXFFiVgQAAAAc3RyaWN0X25zX2RvbWFpbnFGSwBYHAAAAHN0cmljdF9uc19zZXRfaW5pdGlhbF9kb2xsYXJxR4lYEgAAAHN0cmljdF9uc19zZXRfcGF0aHFIiVgQAAAAc2VjdXJlX3Byb3RvY29sc3FJWAUAAABodHRwc3FKWAMAAAB3c3NxS4ZxTFgQAAAAX2Jsb2NrZWRfZG9tYWluc3FNKVgQAAAAX2FsbG93ZWRfZG9tYWluc3FOTlgEAAAAX25vd3FPSsWOfGB1YlgIAAAAX2Nvb2tpZXNxUH1xUVgEAAAAX25vd3FSSsWOfGB1YmgWTlgHAAAAcHJveGllc3FTfXFUWAUAAABob29rc3FVfXFWWAgAAAByZXNwb25zZXFXXXFYc1gGAAAAcGFyYW1zcVl9cVpYBgAAAHZlcmlmeXFbiFgEAAAAY2VydHFcTlgIAAAAYWRhcHRlcnNxXWglKVJxXihYCAAAAGh0dHBzOi8vcV9jcmVxdWVzdHMuYWRhcHRlcnMKSFRUUEFkYXB0ZXIKcWApgXFhfXFiKFgLAAAAbWF4X3JldHJpZXNxY2N1cmxsaWIzLnV0aWwucmV0cnkKUmV0cnkKcWQpgXFlfXFmKFgFAAAAdG90YWxxZ0sAWAcAAABjb25uZWN0cWhOWAQAAAByZWFkcWmJWAYAAABzdGF0dXNxak5YBQAAAG90aGVycWtOWAgAAAByZWRpcmVjdHFsTlgQAAAAc3RhdHVzX2ZvcmNlbGlzdHFtY19fYnVpbHRpbl9fCnNldApxbl1xb4VxcFJxcVgPAAAAYWxsb3dlZF9tZXRob2RzcXJjX19idWlsdGluX18KZnJvemVuc2V0CnFzXXF0KFgFAAAAVFJBQ0VxdVgDAAAAUFVUcXZYBAAAAEhFQURxd1gDAAAAR0VUcXhYBwAAAE9QVElPTlNxeVgGAAAAREVMRVRFcXplhXF7UnF8WA4AAABiYWNrb2ZmX2ZhY3RvcnF9SwBYEQAAAHJhaXNlX29uX3JlZGlyZWN0cX6IWA8AAAByYWlzZV9vbl9zdGF0dXNxf4hYBwAAAGhpc3RvcnlxgClYGgAAAHJlc3BlY3RfcmV0cnlfYWZ0ZXJfaGVhZGVycYGIWBoAAAByZW1vdmVfaGVhZGVyc19vbl9yZWRpcmVjdHGCaHNdcYNYDQAAAGF1dGhvcml6YXRpb25xhGGFcYVScYZ1YlgGAAAAY29uZmlncYd9cYhYEQAAAF9wb29sX2Nvbm5lY3Rpb25zcYlLClgNAAAAX3Bvb2xfbWF4c2l6ZXGKSwpYCwAAAF9wb29sX2Jsb2NrcYuJdWJYBwAAAGh0dHA6Ly9xjGhgKYFxjX1xjihoY2hkKYFxj31xkChoZ0sAaGhOaGmJaGpOaGtOaGxOaG1obl1xkYVxklJxk2hyaHxofUsAaH6IaH+IaIApaIGIaIJoc11xlFgNAAAAYXV0aG9yaXphdGlvbnGVYYVxllJxl3ViaId9cZhoiUsKaIpLCmiLiXVidVgGAAAAc3RyZWFtcZmJWAkAAAB0cnVzdF9lbnZxmohYDQAAAG1heF9yZWRpcmVjdHNxm0sedWJYDAAAAGxhc3RfcmVxdWVzdHGcY3R3aWxpby5odHRwLnJlcXVlc3QKUmVxdWVzdApxnSmBcZ59cZ8oWAYAAABtZXRob2RxoFgEAAAAUE9TVHGhWAMAAAB1cmxxolhbAAAAaHR0cHM6Ly9hcGkudHdpbGlvLmNvbS8yMDEwLTA0LTAxL0FjY291bnRzL0FDNzE3NGI0ODk5NmZmMmFmZmVlYmViM2YyNGRjMGMzMDcvTWVzc2FnZXMuanNvbnGjaBZoF2hZTlgEAAAAZGF0YXGkfXGlKFgCAAAAVG9xplgMAAAAKzc5Njg4MzEyMjE5cadYBAAAAEZyb21xqFgMAAAAKzEyMTMzMjIxMDM3calYBAAAAEJvZHlxqlgXAAAAVmlyaWZpY2F0aW9uIGNvZGU6IDQ4NjZxq3VoIH1xrChYCgAAAFVzZXItQWdlbnRxrVgjAAAAdHdpbGlvLXB5dGhvbi82LjU2LjAgKFB5dGhvbiAzLjguNSlxrlgPAAAAWC1Ud2lsaW8tQ2xpZW50ca9YDQAAAHB5dGhvbi02LjU2LjBxsFgOAAAAQWNjZXB0LUNoYXJzZXRxsVgFAAAAdXRmLThxslgMAAAAQ29udGVudC1UeXBlcbNYIQAAAGFwcGxpY2F0aW9uL3gtd3d3LWZvcm0tdXJsZW5jb2RlZHG0aDBYEAAAAGFwcGxpY2F0aW9uL2pzb25xtXV1YlgNAAAAbGFzdF9yZXNwb25zZXG2Y3R3aWxpby5odHRwLnJlc3BvbnNlClJlc3BvbnNlCnG3KYFxuH1xuShYBwAAAGNvbnRlbnRxulg5AwAAeyJzaWQiOiAiU01lMGJmYTI1Y2E1NTg0ODRjYTk3ODJjM2RkMTA1Y2M3MyIsICJkYXRlX2NyZWF0ZWQiOiAiU3VuLCAxOCBBcHIgMjAyMSAxOTo1NTo0OSArMDAwMCIsICJkYXRlX3VwZGF0ZWQiOiAiU3VuLCAxOCBBcHIgMjAyMSAxOTo1NTo0OSArMDAwMCIsICJkYXRlX3NlbnQiOiBudWxsLCAiYWNjb3VudF9zaWQiOiAiQUM3MTc0YjQ4OTk2ZmYyYWZmZWViZWIzZjI0ZGMwYzMwNyIsICJ0byI6ICIrNzk2ODgzMTIyMTkiLCAiZnJvbSI6ICIrMTIxMzMyMjEwMzciLCAibWVzc2FnaW5nX3NlcnZpY2Vfc2lkIjogbnVsbCwgImJvZHkiOiAiU2VudCBmcm9tIHlvdXIgVHdpbGlvIHRyaWFsIGFjY291bnQgLSBWaXJpZmljYXRpb24gY29kZTogNDg2NiIsICJzdGF0dXMiOiAicXVldWVkIiwgIm51bV9zZWdtZW50cyI6ICIxIiwgIm51bV9tZWRpYSI6ICIwIiwgImRpcmVjdGlvbiI6ICJvdXRib3VuZC1hcGkiLCAiYXBpX3ZlcnNpb24iOiAiMjAxMC0wNC0wMSIsICJwcmljZSI6IG51bGwsICJwcmljZV91bml0IjogIlVTRCIsICJlcnJvcl9jb2RlIjogbnVsbCwgImVycm9yX21lc3NhZ2UiOiBudWxsLCAidXJpIjogIi8yMDEwLTA0LTAxL0FjY291bnRzL0FDNzE3NGI0ODk5NmZmMmFmZmVlYmViM2YyNGRjMGMzMDcvTWVzc2FnZXMvU01lMGJmYTI1Y2E1NTg0ODRjYTk3ODJjM2RkMTA1Y2M3My5qc29uIiwgInN1YnJlc291cmNlX3VyaXMiOiB7Im1lZGlhIjogIi8yMDEwLTA0LTAxL0FjY291bnRzL0FDNzE3NGI0ODk5NmZmMmFmZmVlYmViM2YyNGRjMGMzMDcvTWVzc2FnZXMvU01lMGJmYTI1Y2E1NTg0ODRjYTk3ODJjM2RkMTA1Y2M3My9NZWRpYS5qc29uIn19cbtoIGghKYFxvH1xvWgkaCUpUnG+KFgEAAAAZGF0ZXG/WAQAAABEYXRlccBYHQAAAFN1biwgMTggQXByIDIwMjEgMTk6NTU6NDkgR01UccGGccJYDAAAAGNvbnRlbnQtdHlwZXHDWAwAAABDb250ZW50LVR5cGVxxFgfAAAAYXBwbGljYXRpb24vanNvbjsgY2hhcnNldD11dGYtOHHFhnHGWA4AAABjb250ZW50LWxlbmd0aHHHWA4AAABDb250ZW50LUxlbmd0aHHIWAMAAAA4MjVxyYZxylgKAAAAY29ubmVjdGlvbnHLWAoAAABDb25uZWN0aW9uccxYCgAAAGtlZXAtYWxpdmVxzYZxzlgaAAAAdHdpbGlvLWNvbmN1cnJlbnQtcmVxdWVzdHNxz1gaAAAAVHdpbGlvLUNvbmN1cnJlbnQtUmVxdWVzdHNx0FgBAAAAMXHRhnHSWBEAAAB0d2lsaW8tcmVxdWVzdC1pZHHTWBEAAABUd2lsaW8tUmVxdWVzdC1JZHHUWCIAAABSUTliODAzMTg2ZTViZWY5YWIwNjllMWQ3YjI0ODI5OGU3cdWGcdZYFwAAAHR3aWxpby1yZXF1ZXN0LWR1cmF0aW9ucddYFwAAAFR3aWxpby1SZXF1ZXN0LUR1cmF0aW9ucdhYBQAAADAuMDg5cdmGcdpYGwAAAGFjY2Vzcy1jb250cm9sLWFsbG93LW9yaWdpbnHbWBsAAABBY2Nlc3MtQ29udHJvbC1BbGxvdy1PcmlnaW5x3FgBAAAAKnHdhnHeWBwAAABhY2Nlc3MtY29udHJvbC1hbGxvdy1oZWFkZXJzcd9YHAAAAEFjY2Vzcy1Db250cm9sLUFsbG93LUhlYWRlcnNx4FhkAAAAQWNjZXB0LCBBdXRob3JpemF0aW9uLCBDb250ZW50LVR5cGUsIElmLU1hdGNoLCBJZi1Nb2RpZmllZC1TaW5jZSwgSWYtTm9uZS1NYXRjaCwgSWYtVW5tb2RpZmllZC1TaW5jZXHhhnHiWBwAAABhY2Nlc3MtY29udHJvbC1hbGxvdy1tZXRob2RzceNYHAAAAEFjY2Vzcy1Db250cm9sLUFsbG93LU1ldGhvZHNx5FgaAAAAR0VULCBQT1NULCBERUxFVEUsIE9QVElPTlNx5YZx5lgdAAAAYWNjZXNzLWNvbnRyb2wtZXhwb3NlLWhlYWRlcnNx51gdAAAAQWNjZXNzLUNvbnRyb2wtRXhwb3NlLUhlYWRlcnNx6FgEAAAARVRhZ3HphnHqWCAAAABhY2Nlc3MtY29udHJvbC1hbGxvdy1jcmVkZW50aWFsc3HrWCAAAABBY2Nlc3MtQ29udHJvbC1BbGxvdy1DcmVkZW50aWFsc3HsWAQAAAB0cnVlce2Gce5YDAAAAHgtcG93ZXJlZC1ieXHvWAwAAABYLVBvd2VyZWQtQnlx8FgHAAAAQVQtNTAwMHHxhnHyWA0AAAB4LXNoZW5hbmlnYW5zcfNYDQAAAFgtU2hlbmFuaWdhbnNx9FgEAAAAbm9uZXH1hnH2WA0AAAB4LWhvbWUtcmVnaW9ucfdYDQAAAFgtSG9tZS1SZWdpb25x+FgDAAAAdXMxcfmGcfpYDAAAAHgtYXBpLWRvbWFpbnH7WAwAAABYLUFQSS1Eb21haW5x/FgOAAAAYXBpLnR3aWxpby5jb21x/YZx/lgZAAAAc3RyaWN0LXRyYW5zcG9ydC1zZWN1cml0eXH/WBkAAABTdHJpY3QtVHJhbnNwb3J0LVNlY3VyaXR5cgABAABYEAAAAG1heC1hZ2U9MzE1MzYwMDByAQEAAIZyAgEAAHVzYlgGAAAAY2FjaGVkcgMBAACJWAsAAABzdGF0dXNfY29kZXIEAQAAS8lYAgAAAG9rcgUBAACIdWJYBgAAAGxvZ2dlcnIGAQAAY2xvZ2dpbmcKZ2V0TG9nZ2VyCnIHAQAAWBIAAAB0d2lsaW8uaHR0cF9jbGllbnRyCAEAAIVyCQEAAFJyCgEAAFgNAAAAcmVxdWVzdF9ob29rc3ILAQAAfXIMAQAAaFddcg0BAABzWAcAAAB0aW1lb3V0cg4BAABOWAUAAABwcm94eXIPAQAATnViWAkAAABfYWNjb3VudHNyEAEAAE5YBAAAAF9hcGlyEQEAAGgJWAoAAABfYXV0b3BpbG90chIBAABOWAUAAABfY2hhdHITAQAATlgOAAAAX2NvbnZlcnNhdGlvbnNyFAEAAE5YBwAAAF9ldmVudHNyFQEAAE5YBAAAAF9mYXhyFgEAAE5YCQAAAF9mbGV4X2FwaXIXAQAATlgJAAAAX2luc2lnaHRzchgBAABOWA0AAABfaXBfbWVzc2FnaW5nchkBAABOWAgAAABfbG9va3Vwc3IaAQAATlgKAAAAX21lc3NhZ2luZ3IbAQAATlgIAAAAX21vbml0b3JyHAEAAE5YBwAAAF9ub3RpZnlyHQEAAE5YCAAAAF9udW1iZXJzch4BAABOWAgAAABfcHJldmlld3IfAQAATlgIAAAAX3ByaWNpbmdyIAEAAE5YBgAAAF9wcm94eXIhAQAATlgLAAAAX3NlcnZlcmxlc3NyIgEAAE5YBwAAAF9zdHVkaW9yIwEAAE5YBQAAAF9zeW5jciQBAABOWAsAAABfdGFza3JvdXRlcnIlAQAATlgJAAAAX3RydW5raW5nciYBAABOWAkAAABfdHJ1c3RodWJyJwEAAE5YBwAAAF92ZXJpZnlyKAEAAE5YBgAAAF92aWRlb3IpAQAATlgGAAAAX3ZvaWNlcioBAABOWAkAAABfd2lyZWxlc3NyKwEAAE5YCQAAAF9zdXBlcnNpbXIsAQAATlgMAAAAX2J1bGtleHBvcnRzci0BAABOdWJYCAAAAGJhc2VfdXJsci4BAABYFgAAAGh0dHBzOi8vYXBpLnR3aWxpby5jb21yLwEAAFgGAAAAX3YyMDEwcjABAABoBXViWAcAAAB2ZXJzaW9ucjEBAABYCgAAADIwMTAtMDQtMDFyMgEAAGoQAQAATlgIAAAAX2FjY291bnRyMwEAAGN0d2lsaW8ucmVzdC5hcGkudjIwMTAuYWNjb3VudApBY2NvdW50Q29udGV4dApyNAEAACmBcjUBAAB9cjYBAAAoaANoBVgJAAAAX3NvbHV0aW9ucjcBAAB9cjgBAABYAwAAAHNpZHI5AQAAaBBzWAQAAABfdXJpcjoBAABYMQAAAC9BY2NvdW50cy9BQzcxNzRiNDg5OTZmZjJhZmZlZWJlYjNmMjRkYzBjMzA3Lmpzb25yOwEAAFgKAAAAX2FkZHJlc3Nlc3I8AQAATlgNAAAAX2FwcGxpY2F0aW9uc3I9AQAATlgYAAAAX2F1dGhvcml6ZWRfY29ubmVjdF9hcHBzcj4BAABOWBgAAABfYXZhaWxhYmxlX3Bob25lX251bWJlcnNyPwEAAE5YCAAAAF9iYWxhbmNlckABAABOWAYAAABfY2FsbHNyQQEAAE5YDAAAAF9jb25mZXJlbmNlc3JCAQAATlgNAAAAX2Nvbm5lY3RfYXBwc3JDAQAATlgXAAAAX2luY29taW5nX3Bob25lX251bWJlcnNyRAEAAE5YBQAAAF9rZXlzckUBAABOWAkAAABfbWVzc2FnZXNyRgEAAGN0d2lsaW8ucmVzdC5hcGkudjIwMTAuYWNjb3VudC5tZXNzYWdlCk1lc3NhZ2VMaXN0CnJHAQAAKYFySAEAAH1ySQEAAChoA2gFajcBAAB9ckoBAABYCwAAAGFjY291bnRfc2lkcksBAABoEHNqOgEAAFg6AAAAL0FjY291bnRzL0FDNzE3NGI0ODk5NmZmMmFmZmVlYmViM2YyNGRjMGMzMDcvTWVzc2FnZXMuanNvbnJMAQAAdWJYCQAAAF9uZXdfa2V5c3JNAQAATlgRAAAAX25ld19zaWduaW5nX2tleXNyTgEAAE5YDgAAAF9ub3RpZmljYXRpb25zck8BAABOWBQAAABfb3V0Z29pbmdfY2FsbGVyX2lkc3JQAQAATlgHAAAAX3F1ZXVlc3JRAQAATlgLAAAAX3JlY29yZGluZ3NyUgEAAE5YDQAAAF9zaWduaW5nX2tleXNyUwEAAE5YBAAAAF9zaXByVAEAAE5YDAAAAF9zaG9ydF9jb2Rlc3JVAQAATlgHAAAAX3Rva2Vuc3JWAQAATlgPAAAAX3RyYW5zY3JpcHRpb25zclcBAABOWAYAAABfdXNhZ2VyWAEAAE5YFAAAAF92YWxpZGF0aW9uX3JlcXVlc3RzclkBAABOdWJ1YlgLAAAAX3Byb3BlcnRpZXNyWgEAAH1yWwEAAChYBAAAAGJvZHlyXAEAAFg9AAAAU2VudCBmcm9tIHlvdXIgVHdpbGlvIHRyaWFsIGFjY291bnQgLSBWaXJpZmljYXRpb24gY29kZTogNDg2NnJdAQAAWAwAAABudW1fc2VnbWVudHNyXgEAAGjRWAkAAABkaXJlY3Rpb25yXwEAAFgMAAAAb3V0Ym91bmQtYXBpcmABAABYBQAAAGZyb21fcmEBAABYDAAAACsxMjEzMzIyMTAzN3JiAQAAWAIAAAB0b3JjAQAAWAwAAAArNzk2ODgzMTIyMTlyZAEAAFgMAAAAZGF0ZV91cGRhdGVkcmUBAABjZGF0ZXRpbWUKZGF0ZXRpbWUKcmYBAABjX2NvZGVjcwplbmNvZGUKcmcBAABYCwAAAAfDpQQSEzcxAAAAcmgBAABYBgAAAGxhdGluMXJpAQAAhnJqAQAAUnJrAQAAY3B5dHoKX1VUQwpybAEAAClScm0BAACGcm4BAABScm8BAABYBQAAAHByaWNlcnABAABOWA0AAABlcnJvcl9tZXNzYWdlcnEBAABOWAMAAAB1cmlycgEAAFhoAAAALzIwMTAtMDQtMDEvQWNjb3VudHMvQUM3MTc0YjQ4OTk2ZmYyYWZmZWViZWIzZjI0ZGMwYzMwNy9NZXNzYWdlcy9TTWUwYmZhMjVjYTU1ODQ4NGNhOTc4MmMzZGQxMDVjYzczLmpzb25ycwEAAGpLAQAAWCIAAABBQzcxNzRiNDg5OTZmZjJhZmZlZWJlYjNmMjRkYzBjMzA3cnQBAABYCQAAAG51bV9tZWRpYXJ1AQAAWAEAAAAwcnYBAABYBgAAAHN0YXR1c3J3AQAAWAYAAABxdWV1ZWRyeAEAAFgVAAAAbWVzc2FnaW5nX3NlcnZpY2Vfc2lkcnkBAABOajkBAABYIgAAAFNNZTBiZmEyNWNhNTU4NDg0Y2E5NzgyYzNkZDEwNWNjNzNyegEAAFgJAAAAZGF0ZV9zZW50cnsBAABOWAwAAABkYXRlX2NyZWF0ZWRyfAEAAGpmAQAAamcBAABYCwAAAAfDpQQSEzcxAAAAcn0BAABqaQEAAIZyfgEAAFJyfwEAAGptAQAAhnKAAQAAUnKBAQAAWAoAAABlcnJvcl9jb2RlcoIBAABOWAoAAABwcmljZV91bml0coMBAABYAwAAAFVTRHKEAQAAWAsAAABhcGlfdmVyc2lvbnKFAQAAWAoAAAAyMDEwLTA0LTAxcoYBAABYEAAAAHN1YnJlc291cmNlX3VyaXNyhwEAAH1yiAEAAFgFAAAAbWVkaWFyiQEAAFhuAAAALzIwMTAtMDQtMDEvQWNjb3VudHMvQUM3MTc0YjQ4OTk2ZmYyYWZmZWViZWIzZjI0ZGMwYzMwNy9NZXNzYWdlcy9TTWUwYmZhMjVjYTU1ODQ4NGNhOTc4MmMzZGQxMDVjYzczL01lZGlhLmpzb25yigEAAHN1WAgAAABfY29udGV4dHKLAQAATmo3AQAAfXKMAQAAKGpLAQAAaBBqOQEAAGp6AQAAdXViLg==", "creation_date": "2021-04-18T19:55:49.083Z"}}, {"model": "thumbnail.kvstore", "pk": "sorl-thumbnail||image||00387f0fbcad4fbdce966dea8be88105", "fields": {"value": "{\"name\": \"cache/95/21/9521eca11a867c5ce16c4579f70ee3a3.jpg\", \"storage\": \"django.core.files.storage.FileSystemStorage\", \"size\": [200, 200]}"}}, {"model": "thumbnail.kvstore", "pk": "sorl-thumbnail||image||05a875b966302501f6fdea1cea4253e9", "fields": {"value": "{\"name\": \"goods/033.png\", \"storage\": \"django.core.files.storage.FileSystemStorage\", \"size\": [322, 427]}"}}, {"model": "thumbnail.kvstore", "pk": "sorl-thumbnail||image||0e737da327b6b9ebf5a2f43286fb0293", "fields": {"value": "{\"name\": \"cache/4c/5c/4c5c43b0401255386e21b8880de6095d.jpg\", \"storage\": \"django.core.files.storage.FileSystemStorage\", \"size\": [100, 100]}"}}, {"model": "thumbnail.kvstore", "pk": "sorl-thumbnail||image||0f40a26b9b713209c1ff4e19b918027a", "fields": {"value": "{\"name\": \"cache/27/bc/27bcf3e0b07e2b07fbb692dfa0483cc2.jpg\", \"storage\": \"django.core.files.storage.FileSystemStorage\", \"size\": [100, 100]}"}}, {"model": "thumbnail.kvstore", "pk": "sorl-thumbnail||image||1118a198a8e6f1555fb9337d0a0bb4c7", "fields": {"value": "{\"name\": \"cache/95/8b/958bc668282f8a56eb738b34d52a3bb1.jpg\", \"storage\": \"django.core.files.storage.FileSystemStorage\", \"size\": [298, 148]}"}}, {"model": "thumbnail.kvstore", "pk": "sorl-thumbnail||image||1c1df97d9cde5e104c805a992cac58be", "fields": {"value": "{\"name\": \"goods/image_2021-03-15_10-55-12_YrMdcRh.png\", \"storage\": \"django.core.files.storage.FileSystemStorage\", \"size\": [707, 949]}"}}, {"model": "thumbnail.kvstore", "pk": "sorl-thumbnail||image||1e429651e001823d39e00ed92e181bd2", "fields": {"value": "{\"name\": \"media/goods/photo_2021-04-09_17-31-43_onlzylu.jpg\", \"storage\": \"django.core.files.storage.FileSystemStorage\", \"size\": [635, 148]}"}}, {"model": "thumbnail.kvstore", "pk": "sorl-thumbnail||image||1ecf81604672fc91af8dc695ffb804fa", "fields": {"value": "{\"name\": \"cache/75/e2/75e27777e807272e632a91f13ac5560d.jpg\", \"storage\": \"django.core.files.storage.FileSystemStorage\", \"size\": [259, 148]}"}}, {"model": "thumbnail.kvstore", "pk": "sorl-thumbnail||image||1f84d9dc835cc248349a4c321bec183d", "fields": {"value": "{\"name\": \"goods/Lebedev_DFZVdT8.jpg\", \"storage\": \"django.core.files.storage.FileSystemStorage\", \"size\": [1461, 913]}"}}, {"model": "thumbnail.kvstore", "pk": "sorl-thumbnail||image||2572b6632cbff53ad746f7a0726abc34", "fields": {"value": "{\"name\": \"user_profile/photo_2021-02-13_00-53-22_8SfxgPS.jpg\", \"storage\": \"django.core.files.storage.FileSystemStorage\", \"size\": [640, 640]}"}}, {"model": "thumbnail.kvstore", "pk": "sorl-thumbnail||image||3bd3b459269ac04fd94e125666eca369", "fields": {"value": "{\"name\": \"media/goods/photo_2021-04-09_17-31-43_SYYW4Lc.jpg\", \"storage\": \"django.core.files.storage.FileSystemStorage\", \"size\": [635, 148]}"}}, {"model": "thumbnail.kvstore", "pk": "sorl-thumbnail||image||3dec744aed02936c2c0e3199237ad73d", "fields": {"value": "{\"name\": \"cache/ab/83/ab83ceded6f30e1b1d531ed61ace2579.jpg\", \"storage\": \"django.core.files.storage.FileSystemStorage\", \"size\": [635, 148]}"}}, {"model": "thumbnail.kvstore", "pk": "sorl-thumbnail||image||409a6247f9d821635571671ad394653b", "fields": {"value": "{\"name\": \"cache/cd/c2/cdc26a72cafbf4eba3654126104558f7.jpg\", \"storage\": \"django.core.files.storage.FileSystemStorage\", \"size\": [110, 148]}"}}, {"model": "thumbnail.kvstore", "pk": "sorl-thumbnail||image||4185d7d00a0fd4787c603e751a9cc119", "fields": {"value": "{\"name\": \"cache/0e/48/0e48183ea7b97595ea37c52f0bd58b49.jpg\", \"storage\": \"django.core.files.storage.FileSystemStorage\", \"size\": [237, 148]}"}}, {"model": "thumbnail.kvstore", "pk": "sorl-thumbnail||image||430c7341394157ba803eb4846e32eea1", "fields": {"value": "{\"name\": \"cache/45/8e/458e61eaac4abb37880944d91da8d5d3.jpg\", \"storage\": \"django.core.files.storage.FileSystemStorage\", \"size\": [237, 148]}"}}, {"model": "thumbnail.kvstore", "pk": "sorl-thumbnail||image||4a4ea510b7ffc5e05b4beb77afb924d5", "fields": {"value": "{\"name\": \"goods/Lebedev_xgTBHNv.jpg\", \"storage\": \"django.core.files.storage.FileSystemStorage\", \"size\": [1461, 913]}"}}, {"model": "thumbnail.kvstore", "pk": "sorl-thumbnail||image||63c5faeec44d4da6360316e921da26e9", "fields": {"value": "{\"name\": \"goods/Lebedev_9twh0g0.jpg\", \"storage\": \"django.core.files.storage.FileSystemStorage\", \"size\": [1461, 913]}"}}, {"model": "thumbnail.kvstore", "pk": "sorl-thumbnail||image||6869192084d0b5ef9a9f1e0b0e351bf0", "fields": {"value": "{\"name\": \"cache/f6/73/f67336786d838190899f3b6b0f9dbf42.jpg\", \"storage\": \"django.core.files.storage.FileSystemStorage\", \"size\": [112, 148]}"}}, {"model": "thumbnail.kvstore", "pk": "sorl-thumbnail||image||7559ea406c2bba02fdbc4c55edc30fac", "fields": {"value": "{\"name\": \"media/goods/1_xW859CF2JgQCj3ilZ9pY9w_4Kq3AZR.jpeg\", \"storage\": \"django.core.files.storage.FileSystemStorage\", \"size\": [1532, 760]}"}}, {"model": "thumbnail.kvstore", "pk": "sorl-thumbnail||image||75bfce350059789b4052f7617c3dbe0f", "fields": {"value": "{\"name\": \"cache/f2/d4/f2d4c7cca252d626c0e0ad963cc31232.jpg\", \"storage\": \"django.core.files.storage.FileSystemStorage\", \"size\": [237, 148]}"}}, {"model": "thumbnail.kvstore", "pk": "sorl-thumbnail||image||7ee5819b946d1a5a6c76148eb0454ade", "fields": {"value": "{\"name\": \"user_profile/photo_2021-02-13_00-53-22_XJqW2ND.jpg\", \"storage\": \"django.core.files.storage.FileSystemStorage\", \"size\": [640, 640]}"}}, {"model": "thumbnail.kvstore", "pk": "sorl-thumbnail||image||91076e62743aee323cd6092079e444f7", "fields": {"value": "{\"name\": \"user_profile/photo_2021-02-13_00-53-22_FMvdQnv.jpg\", \"storage\": \"django.core.files.storage.FileSystemStorage\", \"size\": [640, 640]}"}}, {"model": "thumbnail.kvstore", "pk": "sorl-thumbnail||image||92fb67932335d088b8a279e6b6a5a6e1", "fields": {"value": "{\"name\": \"cache/6e/9e/6e9ea341ccca43258f8bd3ff2d320963.jpg\", \"storage\": \"django.core.files.storage.FileSystemStorage\", \"size\": [148, 148]}"}}, {"model": "thumbnail.kvstore", "pk": "sorl-thumbnail||image||957809528fd7aa6100f6e891d069f20a", "fields": {"value": "{\"name\": \"cache/67/d8/67d8d6733f5782c681948efba15d5b58.jpg\", \"storage\": \"django.core.files.storage.FileSystemStorage\", \"size\": [635, 148]}"}}, {"model": "thumbnail.kvstore", "pk": "sorl-thumbnail||image||9b30e32608cee5928a55bf2806e85e7f", "fields": {"value": "{\"name\": \"cache/ee/e0/eee029ec8a2dfdc916b6c7f23cc28472.jpg\", \"storage\": \"django.core.files.storage.FileSystemStorage\", \"size\": [40, 40]}"}}, {"model": "thumbnail.kvstore", "pk": "sorl-thumbnail||image||9c6d44b4db4b867dff12f3792d0afd8c", "fields": {"value": "{\"name\": \"goods/photo_2021-02-13_00-53-22.jpg\", \"storage\": \"django.core.files.storage.FileSystemStorage\", \"size\": [640, 640]}"}}, {"model": "thumbnail.kvstore", "pk": "sorl-thumbnail||image||a6b1fd695d5fb94d5669170de552b637", "fields": {"value": "{\"name\": \"cache/a9/1d/a91dbfab63f23a45b9f89e69d447110c.jpg\", \"storage\": \"django.core.files.storage.FileSystemStorage\", \"size\": [237, 148]}"}}, {"model": "thumbnail.kvstore", "pk": "sorl-thumbnail||image||afba5b4505c9b634792762a82f64fe4f", "fields": {"value": "{\"name\": \"goods/retro_future_ivan.jpg\", \"storage\": \"django.core.files.storage.FileSystemStorage\", \"size\": [1793, 1024]}"}}, {"model": "thumbnail.kvstore", "pk": "sorl-thumbnail||image||b0a5d9c7fb08657885c84f53db4a25be", "fields": {"value": "{\"name\": \"goods/Lebedev_awCc9x6.jpg\", \"storage\": \"django.core.files.storage.FileSystemStorage\", \"size\": [1461, 913]}"}}, {"model": "thumbnail.kvstore", "pk": "sorl-thumbnail||image||b0d49fb1c4046a2f834039a548e11250", "fields": {"value": "{\"name\": \"cache/98/3c/983cfcad7cd29a1107a772b4ffb59562.jpg\", \"storage\": \"django.core.files.storage.FileSystemStorage\", \"size\": [298, 148]}"}}, {"model": "thumbnail.kvstore", "pk": "sorl-thumbnail||image||e5ed43dc1ede480a8d117f8b19702225", "fields": {"value": "{\"name\": \"cache/d9/a8/d9a88ec07266c7e354c2c13095bf5701.jpg\", \"storage\": \"django.core.files.storage.FileSystemStorage\", \"size\": [200, 200]}"}}, {"model": "thumbnail.kvstore", "pk": "sorl-thumbnail||image||ee5dca3e76f1c22efe9d4adea7b2caf1", "fields": {"value": "{\"name\": \"cache/d7/f4/d7f4d6da60446bfae6cb14a70eeaf85d.jpg\", \"storage\": \"django.core.files.storage.FileSystemStorage\", \"size\": [40, 40]}"}}, {"model": "thumbnail.kvstore", "pk": "sorl-thumbnail||image||f7f85872505c9489d04413a4be8d5c46", "fields": {"value": "{\"name\": \"media/goods/1_xW859CF2JgQCj3ilZ9pY9w.jpeg\", \"storage\": \"django.core.files.storage.FileSystemStorage\", \"size\": [1532, 760]}"}}, {"model": "thumbnail.kvstore", "pk": "sorl-thumbnail||thumbnails||05a875b966302501f6fdea1cea4253e9", "fields": {"value": "[\"6869192084d0b5ef9a9f1e0b0e351bf0\"]"}}, {"model": "thumbnail.kvstore", "pk": "sorl-thumbnail||thumbnails||1c1df97d9cde5e104c805a992cac58be", "fields": {"value": "[\"409a6247f9d821635571671ad394653b\"]"}}, {"model": "thumbnail.kvstore", "pk": "sorl-thumbnail||thumbnails||1e429651e001823d39e00ed92e181bd2", "fields": {"value": "[\"957809528fd7aa6100f6e891d069f20a\"]"}}, {"model": "thumbnail.kvstore", "pk": "sorl-thumbnail||thumbnails||1f84d9dc835cc248349a4c321bec183d", "fields": {"value": "[\"430c7341394157ba803eb4846e32eea1\"]"}}, {"model": "thumbnail.kvstore", "pk": "sorl-thumbnail||thumbnails||2572b6632cbff53ad746f7a0726abc34", "fields": {"value": "[\"0e737da327b6b9ebf5a2f43286fb0293\"]"}}, {"model": "thumbnail.kvstore", "pk": "sorl-thumbnail||thumbnails||3bd3b459269ac04fd94e125666eca369", "fields": {"value": "[\"3dec744aed02936c2c0e3199237ad73d\"]"}}, {"model": "thumbnail.kvstore", "pk": "sorl-thumbnail||thumbnails||4a4ea510b7ffc5e05b4beb77afb924d5", "fields": {"value": "[\"a6b1fd695d5fb94d5669170de552b637\"]"}}, {"model": "thumbnail.kvstore", "pk": "sorl-thumbnail||thumbnails||63c5faeec44d4da6360316e921da26e9", "fields": {"value": "[\"75bfce350059789b4052f7617c3dbe0f\"]"}}, {"model": "thumbnail.kvstore", "pk": "sorl-thumbnail||thumbnails||7559ea406c2bba02fdbc4c55edc30fac", "fields": {"value": "[\"1118a198a8e6f1555fb9337d0a0bb4c7\"]"}}, {"model": "thumbnail.kvstore", "pk": "sorl-thumbnail||thumbnails||7ee5819b946d1a5a6c76148eb0454ade", "fields": {"value": "[\"9b30e32608cee5928a55bf2806e85e7f\", \"00387f0fbcad4fbdce966dea8be88105\"]"}}, {"model": "thumbnail.kvstore", "pk": "sorl-thumbnail||thumbnails||91076e62743aee323cd6092079e444f7", "fields": {"value": "[\"ee5dca3e76f1c22efe9d4adea7b2caf1\", \"e5ed43dc1ede480a8d117f8b19702225\", \"0f40a26b9b713209c1ff4e19b918027a\"]"}}, {"model": "thumbnail.kvstore", "pk": "sorl-thumbnail||thumbnails||9c6d44b4db4b867dff12f3792d0afd8c", "fields": {"value": "[\"92fb67932335d088b8a279e6b6a5a6e1\"]"}}, {"model": "thumbnail.kvstore", "pk": "sorl-thumbnail||thumbnails||afba5b4505c9b634792762a82f64fe4f", "fields": {"value": "[\"1ecf81604672fc91af8dc695ffb804fa\"]"}}, {"model": "thumbnail.kvstore", "pk": "sorl-thumbnail||thumbnails||b0a5d9c7fb08657885c84f53db4a25be", "fields": {"value": "[\"4185d7d00a0fd4787c603e751a9cc119\"]"}}, {"model": "thumbnail.kvstore", "pk": "sorl-thumbnail||thumbnails||f7f85872505c9489d04413a4be8d5c46", "fields": {"value": "[\"b0d49fb1c4046a2f834039a548e11250\"]"}}, {"model": "account.emailaddress", "pk": 7, "fields": {"user": 10, "email": "gorkycow@googlemail.com", "verified": true, "primary": true}}, {"model": "account.emailaddress", "pk": 9, "fields": {"user": 12, "email": "kuznetsov.hh@gmail.com", "verified": true, "primary": true}}, {"model": "socialaccount.socialapp", "pk": 1, "fields": {"provider": "google", "name": "Google", "client_id": "133368026974-stveoicla4bk7df978qlbkpgtko4b47n.apps.googleusercontent.com", "secret": "4CFPm_URe59iXe48U014mzFI", "key": "", "sites": [1]}}, {"model": "socialaccount.socialaccount", "pk": 2, "fields": {"user": 10, "provider": "google", "uid": "110250586417857833484", "last_login": "2021-04-19T09:05:16.089Z", "date_joined": "2021-04-19T09:02:34.643Z", "extra_data": "{\"id\": \"110250586417857833484\", \"email\": \"gorkycow@googlemail.com\", \"verified_email\": true, \"name\": \"\\u041d\\u0435\\u043f\\u043e\\u043d\\u044f\\u0442\\u043b\\u0438\\u0432\\u044b\\u0439 \\u0412\\u0430\\u0441\\u0438\\u043b\\u0438\\u0439\", \"given_name\": \"\\u041d\\u0435\\u043f\\u043e\\u043d\\u044f\\u0442\\u043b\\u0438\\u0432\\u044b\\u0439\", \"family_name\": \"\\u0412\\u0430\\u0441\\u0438\\u043b\\u0438\\u0439\", \"picture\": \"https://lh5.googleusercontent.com/-OtB6_pYVAJU/AAAAAAAAAAI/AAAAAAAAAAA/AMZuuclmfeboYGiiMMclVWufDG-2RfsXtg/s96-c/photo.jpg\", \"locale\": \"ru\"}"}}, {"model": "socialaccount.socialaccount", "pk": 4, "fields": {"user": 12, "provider": "google", "uid": "110744610874669412323", "last_login": "2021-04-26T09:15:21.441Z", "date_joined": "2021-04-26T09:15:21.441Z", "extra_data": "{\"id\": \"110744610874669412323\", \"email\": \"kuznetsov.hh@gmail.com\", \"verified_email\": true, \"name\": \"Vitaly Kuznetsov\", \"given_name\": \"Vitaly\", \"family_name\": \"Kuznetsov\", \"picture\": \"https://lh3.googleusercontent.com/-GQgaUpDfesI/AAAAAAAAAAI/AAAAAAAAAAA/AMZuucksKKCMq3kVC7QRyQ5yPz26wSdsEw/s96-c/photo.jpg\", \"locale\": \"ru\"}"}}, {"model": "django_apscheduler.djangojob", "pk": "delete_old_job_executions", "fields": {"next_run_time": "2021-04-18T21:00:00Z", "job_state": "gAWVRAQAAAAAAAB9lCiMB3ZlcnNpb26USwGMAmlklIwZZGVsZXRlX29sZF9qb2JfZXhlY3V0aW9uc5SMBGZ1bmOUjEFtYWluLm1hbmFnZW1lbnQuY29tbWFuZHMucnVuYXBzY2hlZHVsZXI6ZGVsZXRlX29sZF9qb2JfZXhlY3V0aW9uc5SMB3RyaWdnZXKUjBlhcHNjaGVkdWxlci50cmlnZ2Vycy5jcm9ulIwLQ3JvblRyaWdnZXKUk5QpgZR9lChoAUsCjAh0aW1lem9uZZSMBHB5dHqUjAJfcJSTlCiMDUV1cm9wZS9Nb3Njb3eUTSgjSwCMA0xNVJR0lFKUjApzdGFydF9kYXRllE6MCGVuZF9kYXRllE6MBmZpZWxkc5RdlCiMIGFwc2NoZWR1bGVyLnRyaWdnZXJzLmNyb24uZmllbGRzlIwJQmFzZUZpZWxklJOUKYGUfZQojARuYW1llIwEeWVhcpSMCmlzX2RlZmF1bHSUiIwLZXhwcmVzc2lvbnOUXZSMJWFwc2NoZWR1bGVyLnRyaWdnZXJzLmNyb24uZXhwcmVzc2lvbnOUjA1BbGxFeHByZXNzaW9ulJOUKYGUfZSMBHN0ZXCUTnNiYXViaBiMCk1vbnRoRmllbGSUk5QpgZR9lChoHYwFbW9udGiUaB+IaCBdlGgkKYGUfZRoJ05zYmF1YmgYjA9EYXlPZk1vbnRoRmllbGSUk5QpgZR9lChoHYwDZGF5lGgfiGggXZRoJCmBlH2UaCdOc2JhdWJoGIwJV2Vla0ZpZWxklJOUKYGUfZQoaB2MBHdlZWuUaB+IaCBdlGgkKYGUfZRoJ05zYmF1YmgYjA5EYXlPZldlZWtGaWVsZJSTlCmBlH2UKGgdjAtkYXlfb2Zfd2Vla5RoH4loIF2UaCKMFldlZWtkYXlSYW5nZUV4cHJlc3Npb26Uk5QpgZR9lChoJ06MBWZpcnN0lEsAjARsYXN0lEsAdWJhdWJoGimBlH2UKGgdjARob3VylGgfiWggXZRoIowPUmFuZ2VFeHByZXNzaW9ulJOUKYGUfZQoaCdOaEpLAGhLSwB1YmF1YmgaKYGUfZQoaB2MBm1pbnV0ZZRoH4loIF2UaFEpgZR9lChoJ05oSksAaEtLAHViYXViaBopgZR9lChoHYwGc2Vjb25klGgfiGggXZRoUSmBlH2UKGgnTmhKSwBoS0sAdWJhdWJljAZqaXR0ZXKUTnVijAhleGVjdXRvcpSMB2RlZmF1bHSUjARhcmdzlCmMBmt3YXJnc5R9lGgdaAOMEm1pc2ZpcmVfZ3JhY2VfdGltZZRLAYwIY29hbGVzY2WUiIwNbWF4X2luc3RhbmNlc5RLAYwNbmV4dF9ydW5fdGltZZSMCGRhdGV0aW1llIwIZGF0ZXRpbWWUk5RDCgflBBMAAAAAAACUaA8oaBBNMCpLAIwDTVNLlHSUUpSGlFKUdS4="}}, {"model": "django_apscheduler.djangojob", "pk": "send_new_goods_weekly_schedule", "fields": {"next_run_time": "2021-04-18T21:00:00Z", "job_state": "gAWVTgQAAAAAAAB9lCiMB3ZlcnNpb26USwGMAmlklIwec2VuZF9uZXdfZ29vZHNfd2Vla2x5X3NjaGVkdWxllIwEZnVuY5SMRm1haW4ubWFuYWdlbWVudC5jb21tYW5kcy5ydW5hcHNjaGVkdWxlcjpzZW5kX25ld19nb29kc193ZWVrbHlfc2NoZWR1bGWUjAd0cmlnZ2VylIwZYXBzY2hlZHVsZXIudHJpZ2dlcnMuY3JvbpSMC0Nyb25UcmlnZ2VylJOUKYGUfZQoaAFLAowIdGltZXpvbmWUjARweXR6lIwCX3CUk5QojA1FdXJvcGUvTW9zY293lE0oI0sAjANMTVSUdJRSlIwKc3RhcnRfZGF0ZZROjAhlbmRfZGF0ZZROjAZmaWVsZHOUXZQojCBhcHNjaGVkdWxlci50cmlnZ2Vycy5jcm9uLmZpZWxkc5SMCUJhc2VGaWVsZJSTlCmBlH2UKIwEbmFtZZSMBHllYXKUjAppc19kZWZhdWx0lIiMC2V4cHJlc3Npb25zlF2UjCVhcHNjaGVkdWxlci50cmlnZ2Vycy5jcm9uLmV4cHJlc3Npb25zlIwNQWxsRXhwcmVzc2lvbpSTlCmBlH2UjARzdGVwlE5zYmF1YmgYjApNb250aEZpZWxklJOUKYGUfZQoaB2MBW1vbnRolGgfiGggXZRoJCmBlH2UaCdOc2JhdWJoGIwPRGF5T2ZNb250aEZpZWxklJOUKYGUfZQoaB2MA2RheZRoH4hoIF2UaCQpgZR9lGgnTnNiYXViaBiMCVdlZWtGaWVsZJSTlCmBlH2UKGgdjAR3ZWVrlGgfiGggXZRoJCmBlH2UaCdOc2JhdWJoGIwORGF5T2ZXZWVrRmllbGSUk5QpgZR9lChoHYwLZGF5X29mX3dlZWuUaB+JaCBdlGgijBZXZWVrZGF5UmFuZ2VFeHByZXNzaW9ulJOUKYGUfZQoaCdOjAVmaXJzdJRLAIwEbGFzdJRLAHViYXViaBopgZR9lChoHYwEaG91cpRoH4loIF2UaCKMD1JhbmdlRXhwcmVzc2lvbpSTlCmBlH2UKGgnTmhKSwBoS0sAdWJhdWJoGimBlH2UKGgdjAZtaW51dGWUaB+JaCBdlGhRKYGUfZQoaCdOaEpLAGhLSwB1YmF1YmgaKYGUfZQoaB2MBnNlY29uZJRoH4hoIF2UaFEpgZR9lChoJ05oSksAaEtLAHViYXViZYwGaml0dGVylE51YowIZXhlY3V0b3KUjAdkZWZhdWx0lIwEYXJnc5QpjAZrd2FyZ3OUfZRoHWgDjBJtaXNmaXJlX2dyYWNlX3RpbWWUSwGMCGNvYWxlc2NllIiMDW1heF9pbnN0YW5jZXOUSwGMDW5leHRfcnVuX3RpbWWUjAhkYXRldGltZZSMCGRhdGV0aW1llJOUQwoH5QQTAAAAAAAAlGgPKGgQTTAqSwCMA01TS5R0lFKUhpRSlHUu"}}, {"model": "django_apscheduler.djangojobexecution", "pk": 1, "fields": {"job": "send_new_goods_weekly_schedule", "status": "Error!", "run_time": "2021-04-16T09:48:40Z", "duration": "0.02", "finished": "1618566520.02", "exception": "Cannot resolve keyword 'date_create' into field. Choices are: category, category_id, creation_date, description, discount, id, image, manufacturer, name, price, rating, seller, seller_id, size, tags, weight", "traceback": "  File \"/home/gorkycow/Projects/GorkyCow/venv/lib/python3.8/site-packages/apscheduler/executors/base.py\", line 125, in run_job\n    retval = job.func(*job.args, **job.kwargs)\n  File \"/home/gorkycow/Projects/GorkyCow/e_commerce/main/management/commands/runapscheduler.py\", line 24, in send_new_goods_weekly_schedule\n    new_goods = Goods.objects.filter(date_create__gte=start_date)\n  File \"/home/gorkycow/Projects/GorkyCow/venv/lib/python3.8/site-packages/django/db/models/manager.py\", line 85, in manager_method\n    return getattr(self.get_queryset(), name)(*args, **kwargs)\n  File \"/home/gorkycow/Projects/GorkyCow/venv/lib/python3.8/site-packages/django/db/models/query.py\", line 942, in filter\n    return self._filter_or_exclude(False, *args, **kwargs)\n  File \"/home/gorkycow/Projects/GorkyCow/venv/lib/python3.8/site-packages/django/db/models/query.py\", line 962, in _filter_or_exclude\n    clone._filter_or_exclude_inplace(negate, *args, **kwargs)\n  File \"/home/gorkycow/Projects/GorkyCow/venv/lib/python3.8/site-packages/django/db/models/query.py\", line 969, in _filter_or_exclude_inplace\n    self._query.add_q(Q(*args, **kwargs))\n  File \"/home/gorkycow/Projects/GorkyCow/venv/lib/python3.8/site-packages/django/db/models/sql/query.py\", line 1358, in add_q\n    clause, _ = self._add_q(q_object, self.used_aliases)\n  File \"/home/gorkycow/Projects/GorkyCow/venv/lib/python3.8/site-packages/django/db/models/sql/query.py\", line 1377, in _add_q\n    child_clause, needed_inner = self.build_filter(\n  File \"/home/gorkycow/Projects/GorkyCow/venv/lib/python3.8/site-packages/django/db/models/sql/query.py\", line 1258, in build_filter\n    lookups, parts, reffed_expression = self.solve_lookup_type(arg)\n  File \"/home/gorkycow/Projects/GorkyCow/venv/lib/python3.8/site-packages/django/db/models/sql/query.py\", line 1084, in solve_lookup_type\n    _, field, _, lookup_parts = self.names_to_path(lookup_splitted, self.get_meta())\n  File \"/home/gorkycow/Projects/GorkyCow/venv/lib/python3.8/site-packages/django/db/models/sql/query.py\", line 1481, in names_to_path\n    raise FieldError(\"Cannot resolve keyword '%s' into field. \"\n"}}, {"model": "django_apscheduler.djangojobexecution", "pk": 2, "fields": {"job": "send_new_goods_weekly_schedule", "status": "Error!", "run_time": "2021-04-16T09:48:50Z", "duration": "0.05", "finished": "1618566530.05", "exception": "Cannot resolve keyword 'date_create' into field. Choices are: category, category_id, creation_date, description, discount, id, image, manufacturer, name, price, rating, seller, seller_id, size, tags, weight", "traceback": "  File \"/home/gorkycow/Projects/GorkyCow/venv/lib/python3.8/site-packages/apscheduler/executors/base.py\", line 125, in run_job\n    retval = job.func(*job.args, **job.kwargs)\n  File \"/home/gorkycow/Projects/GorkyCow/e_commerce/main/management/commands/runapscheduler.py\", line 24, in send_new_goods_weekly_schedule\n    new_goods = Goods.objects.filter(date_create__gte=start_date)\n  File \"/home/gorkycow/Projects/GorkyCow/venv/lib/python3.8/site-packages/django/db/models/manager.py\", line 85, in manager_method\n    return getattr(self.get_queryset(), name)(*args, **kwargs)\n  File \"/home/gorkycow/Projects/GorkyCow/venv/lib/python3.8/site-packages/django/db/models/query.py\", line 942, in filter\n    return self._filter_or_exclude(False, *args, **kwargs)\n  File \"/home/gorkycow/Projects/GorkyCow/venv/lib/python3.8/site-packages/django/db/models/query.py\", line 962, in _filter_or_exclude\n    clone._filter_or_exclude_inplace(negate, *args, **kwargs)\n  File \"/home/gorkycow/Projects/GorkyCow/venv/lib/python3.8/site-packages/django/db/models/query.py\", line 969, in _filter_or_exclude_inplace\n    self._query.add_q(Q(*args, **kwargs))\n  File \"/home/gorkycow/Projects/GorkyCow/venv/lib/python3.8/site-packages/django/db/models/sql/query.py\", line 1358, in add_q\n    clause, _ = self._add_q(q_object, self.used_aliases)\n  File \"/home/gorkycow/Projects/GorkyCow/venv/lib/python3.8/site-packages/django/db/models/sql/query.py\", line 1377, in _add_q\n    child_clause, needed_inner = self.build_filter(\n  File \"/home/gorkycow/Projects/GorkyCow/venv/lib/python3.8/site-packages/django/db/models/sql/query.py\", line 1258, in build_filter\n    lookups, parts, reffed_expression = self.solve_lookup_type(arg)\n  File \"/home/gorkycow/Projects/GorkyCow/venv/lib/python3.8/site-packages/django/db/models/sql/query.py\", line 1084, in solve_lookup_type\n    _, field, _, lookup_parts = self.names_to_path(lookup_splitted, self.get_meta())\n  File \"/home/gorkycow/Projects/GorkyCow/venv/lib/python3.8/site-packages/django/db/models/sql/query.py\", line 1481, in names_to_path\n    raise FieldError(\"Cannot resolve keyword '%s' into field. \"\n"}}, {"model": "django_apscheduler.djangojobexecution", "pk": 3, "fields": {"job": "send_new_goods_weekly_schedule", "status": "Executed", "run_time": "2021-04-16T09:50:00Z", "duration": "0.07", "finished": "1618566600.07", "exception": null, "traceback": null}}]