[
   {
      "model":"sites.site",
      "pk":1,
      "fields":{
         "domain":"example.com",
         "name":"example.com"
      }
   },
   {
      "model":"flatpages.flatpage",
      "pk":1,
      "fields":{
         "url":"/about/",
         "title":"О нас",
         "content":"<p>Бомжон - лидер в области электронной комерции. Доставка через 2 часа после оплаты - то чего мы не делаем никогда. Вам придется подождать дней 5. Или 10, как повезёт</p>",
         "enable_comments":false,
         "template_name":"",
         "registration_required":false,
         "sites":[
            1
         ]
      }
   },
   {
      "model":"flatpages.flatpage",
      "pk":2,
      "fields":{
         "url":"/contacts/",
         "title":"Контакты",
         "content":"<h2 style=\"font-style:italic\"><strong><u>Тебя если твой заказ не устраивает ебать ты выйди со мной раз на раз, а не контакты поддержки ищи</u></strong></h2>",
         "enable_comments":false,
         "template_name":"",
         "registration_required":false,
         "sites":[
            1
         ]
      }
   },
   {
      "model":"main.seller",
      "pk":1,
      "fields":{
         "name":"Arse Tickler's Faggot Fan Club",
         "status":"A",
         "rating":3.0,
         "email":"info@atffc.com"
      }
   },
   {
      "model":"main.seller",
      "pk":2,
      "fields":{
         "name":"Bobbie's Bits",
         "status":"A",
         "rating":5.0,
         "email":"bobby@bobbiesbits.com"
      }
   },
   {
      "model":"main.category",
      "pk":1,
      "fields":{
         "name":"Toys"
      }
   },
   {
      "model":"main.category",
      "pk":2,
      "fields":{
         "name":"Hardware"
      }
   },
   {
      "model":"main.category",
      "pk":3,
      "fields":{
         "name":"Tools"
      }
   },
   {
      "model":"main.category",
      "pk":4,
      "fields":{
         "name":"Software"
      }
   },
   {
      "model":"main.category",
      "pk":5,
      "fields":{
         "name":"Toys"
      }
   },
   {
      "model":"main.tag",
      "pk":1,
      "fields":{
         "name":"New"
      }
   },
   {
      "model":"main.tag",
      "pk":2,
      "fields":{
         "name":"Best Seller"
      }
   },
   {
      "model":"main.tag",
      "pk":3,
      "fields":{
         "name":"Hammer"
      }
   },
   {
      "model":"main.tag",
      "pk":4,
      "fields":{
         "name":"For Kids"
      }
   },
   {
      "model":"main.tag",
      "pk":5,
      "fields":{
         "name":"System Center"
      }
   },
   {
      "model":"main.tag",
      "pk":6,
      "fields":{
         "name":"JetBrains"
      }
   },
   {
      "model":"main.goods",
      "pk":1,
      "fields":{
         "name":"Hammer",
         "description":"Iron hammer. Keep your fingers safe",
         "seller":2,
         "weight":0.3,
         "category":3,
         "manufacturer":"Noname",
         "size":null,
         "rating":5.0,
         "price":10.0,
         "discount":0.0,
         "image":"",
         "creation_date":"2021-04-16",
         "views_counter":1,
         "in_stock":0,
         "tags":[
            2,
            3
         ]
      }
   },
   {
      "model":"main.goods",
      "pk":2,
      "fields":{
         "name":"DataGrip",
         "description":"IDE for DBs",
         "seller":2,
         "weight":0.0,
         "category":4,
         "manufacturer":"JetBrains",
         "size":null,
         "rating":4.0,
         "price":80.0,
         "discount":0.0,
         "image":"media/goods/photo_2021-04-09_17-31-43_SYYW4Lc.jpg",
         "creation_date":"2021-04-16",
         "views_counter":15,
         "in_stock":0,
         "tags":[
            1,
            2,
            6
         ]
      }
   },
   {
      "model":"main.goods",
      "pk":3,
      "fields":{
         "name":"Windows",
         "description":"World's worst OS",
         "seller":2,
         "weight":0.0,
         "category":4,
         "manufacturer":"Microsoft",
         "size":null,
         "rating":4.0,
         "price":30.0,
         "discount":0.0,
         "image":"",
         "creation_date":"2021-04-16",
         "views_counter":0,
         "in_stock":0,
         "tags":[
            1,
            2
         ]
      }
   },
   {
      "model":"main.goods",
      "pk":4,
      "fields":{
         "name":"SCCM",
         "description":"System Center Configuration Manager 2012",
         "seller":2,
         "weight":0.0,
         "category":4,
         "manufacturer":"Microsoft",
         "size":null,
         "rating":4.0,
         "price":3000.0,
         "discount":0.0,
         "image":"",
         "creation_date":"2021-04-16",
         "views_counter":0,
         "in_stock":0,
         "tags":[
            1,
            5
         ]
      }
   },
   {
      "model":"main.goods",
      "pk":5,
      "fields":{
         "name":"SCOM",
         "description":"System Center Operations Manager 2012",
         "seller":2,
         "weight":0.0,
         "category":4,
         "manufacturer":"Microsoft",
         "size":null,
         "rating":4.0,
         "price":3000.0,
         "discount":0.0,
         "image":"",
         "creation_date":"2021-04-16",
         "views_counter":0,
         "in_stock":0,
         "tags":[
            1,
            5
         ]
      }
   },
   {
      "model":"main.goods",
      "pk":6,
      "fields":{
         "name":"SCSM",
         "description":"System Center Service Manager 2012",
         "seller":2,
         "weight":0.0,
         "category":4,
         "manufacturer":"Microsoft",
         "size":null,
         "rating":4.0,
         "price":3000.0,
         "discount":0.0,
         "image":"",
         "creation_date":"2021-04-16",
         "views_counter":0,
         "in_stock":0,
         "tags":[
            1,
            5
         ]
      }
   },
   {
      "model":"main.goods",
      "pk":7,
      "fields":{
         "name":"SCO",
         "description":"System Center Orchestrator 2012",
         "seller":2,
         "weight":0.0,
         "category":4,
         "manufacturer":"Microsoft",
         "size":null,
         "rating":4.0,
         "price":3000.0,
         "discount":0.0,
         "image":"",
         "creation_date":"2021-04-16",
         "views_counter":0,
         "in_stock":0,
         "tags":[
            1,
            5
         ]
      }
   },
   {
      "model":"main.goods",
      "pk":8,
      "fields":{
         "name":"SCVMM",
         "description":"System Center Virtual Machine Manager 2012",
         "seller":2,
         "weight":0.0,
         "category":4,
         "manufacturer":"Microsoft",
         "size":null,
         "rating":4.0,
         "price":3000.0,
         "discount":0.0,
         "image":"",
         "creation_date":"2021-04-16",
         "views_counter":0,
         "in_stock":0,
         "tags":[
            1,
            5
         ]
      }
   },
   {
      "model":"main.goods",
      "pk":9,
      "fields":{
         "name":"Office 365",
         "description":"Office 365. Best office software",
         "seller":2,
         "weight":0.0,
         "category":4,
         "manufacturer":"Microsoft",
         "size":null,
         "rating":4.0,
         "price":50.0,
         "discount":0.0,
         "image":"",
         "creation_date":"2021-04-16",
         "views_counter":0,
         "in_stock":0,
         "tags":[
            1,
            2
         ]
      }
   },
   {
      "model":"main.goods",
      "pk":10,
      "fields":{
         "name":"PyCharm",
         "description":"IDE for Python and web-development",
         "seller":2,
         "weight":0.0,
         "category":4,
         "manufacturer":"JetBrains",
         "size":null,
         "rating":4.0,
         "price":80.0,
         "discount":0.0,
         "image":"",
         "creation_date":"2021-04-16",
         "views_counter":0,
         "in_stock":0,
         "tags":[
            1,
            2,
            6
         ]
      }
   },
   {
      "model":"main.goods",
      "pk":11,
      "fields":{
         "name":"PhpStorm",
         "description":"IDE for PHP and web-development",
         "seller":2,
         "weight":0.0,
         "category":4,
         "manufacturer":"JetBrains",
         "size":null,
         "rating":4.0,
         "price":80.0,
         "discount":0.0,
         "image":"",
         "creation_date":"2021-04-16",
         "views_counter":0,
         "in_stock":0,
         "tags":[
            1,
            2,
            6
         ]
      }
   },
   {
      "model":"main.goods",
      "pk":12,
      "fields":{
         "name":"Vacuum cleaner",
         "description":"Portable vacuum cleaner",
         "seller":2,
         "weight":3.0,
         "category":3,
         "manufacturer":"Tefal",
         "size":null,
         "rating":5.0,
         "price":400.0,
         "discount":0.0,
         "image":"",
         "creation_date":"2021-04-16",
         "views_counter":0,
         "in_stock":0,
         "tags":[
            1
         ]
      }
   },
   {
      "model":"main.goods",
      "pk":13,
      "fields":{
         "name":"Unicron Toy",
         "description":"Just a simple unicorn toy",
         "seller":2,
         "weight":0.5,
         "category":1,
         "manufacturer":"Uncle Liao",
         "size":null,
         "rating":5.0,
         "price":10.0,
         "discount":0.0,
         "image":"",
         "creation_date":"2021-04-16",
         "views_counter":0,
         "in_stock":0,
         "tags":[
            2,
            4
         ]
      }
   },
   {
      "model":"main.goods",
      "pk":14,
      "fields":{
         "name":"Tratata",
         "description":"Lolkekcheburek",
         "seller":2,
         "weight":null,
         "category":3,
         "manufacturer":"Noname",
         "size":null,
         "rating":5.0,
         "price":0.0,
         "discount":100.0,
         "image":"",
         "creation_date":"2021-04-16",
         "views_counter":0,
         "in_stock":0,
         "tags":[
            4
         ]
      }
   },
   {
      "model":"main.goods",
      "pk":15,
      "fields":{
         "name":"Tratata2",
         "description":"Lolkekcheburek",
         "seller":2,
         "weight":null,
         "category":3,
         "manufacturer":"Noname",
         "size":null,
         "rating":5.0,
         "price":0.0,
         "discount":100.0,
         "image":"",
         "creation_date":"2021-04-16",
         "views_counter":0,
         "in_stock":0,
         "tags":[
            4
         ]
      }
   },
   {
      "model":"main.goods",
      "pk":16,
      "fields":{
         "name":"Tratata3",
         "description":"Lolkekcheburek",
         "seller":2,
         "weight":null,
         "category":3,
         "manufacturer":"Noname",
         "size":null,
         "rating":5.0,
         "price":0.0,
         "discount":50.0,
         "image":"",
         "creation_date":"2021-04-16",
         "views_counter":0,
         "in_stock":0,
         "tags":[
            4
         ]
      }
   },
   {
      "model":"main.goods",
      "pk":18,
      "fields":{
         "name":"Говно",
         "description":"из жопы твоей",
         "seller":2,
         "weight":1.0,
         "category":1,
         "manufacturer":"Твоё очко",
         "size":null,
         "rating":5.0,
         "price":10.0,
         "discount":10.0,
         "image":"",
         "creation_date":"2021-04-16",
         "views_counter":0,
         "in_stock":0,
         "tags":[
            4
         ]
      }
   },
   {
      "model":"main.goods",
      "pk":19,
      "fields":{
         "name":"Паттерн",
         "description":"Паттерн для наёба нейронки 11",
         "seller":2,
         "weight":null,
         "category":1,
         "manufacturer":"Какой-то рандом",
         "size":null,
         "rating":5.0,
         "price":50.0,
         "discount":0.0,
         "image":"media/goods/1_xW859CF2JgQCj3ilZ9pY9w.jpeg",
         "creation_date":"2021-04-16",
         "views_counter":0,
         "in_stock":0,
         "tags":[
            1
         ]
      }
   },
   {
      "model":"main.goods",
      "pk":21,
      "fields":{
         "name":"Прекрасный Вован",
         "description":"Вован прекрасный, слегка б\\у",
         "seller":2,
         "weight":102.0,
         "category":1,
         "manufacturer":"Мамка Вована",
         "size":"L",
         "rating":5.0,
         "price":1000.0,
         "discount":0.0,
         "image":"goods/photo_2021-02-13_00-53-22.jpg",
         "creation_date":"2021-04-16",
         "views_counter":0,
         "in_stock":0,
         "tags":[
            1,
            4
         ]
      }
   },
   {
      "model":"main.goods",
      "pk":22,
      "fields":{
         "name":"Пушка из д2",
         "description":"Пушка топ",
         "seller":2,
         "weight":null,
         "category":1,
         "manufacturer":"Мамка Вована",
         "size":"L",
         "rating":5.0,
         "price":10.0,
         "discount":0.0,
         "image":"goods/033.png",
         "creation_date":"2021-04-16",
         "views_counter":0,
         "in_stock":0,
         "tags":[
            
         ]
      }
   },
   {
      "model":"main.goods",
      "pk":23,
      "fields":{
         "name":"Тысяча чертей",
         "description":"Реально тысяча",
         "seller":2,
         "weight":1000.0,
         "category":1,
         "manufacturer":"Боярский",
         "size":null,
         "rating":5.0,
         "price":50.0,
         "discount":0.0,
         "image":"goods/image_2021-03-15_10-55-12.png",
         "creation_date":"2021-04-16",
         "views_counter":0,
         "in_stock":0,
         "tags":[
            
         ]
      }
   },
   {
      "model":"main.goods",
      "pk":24,
      "fields":{
         "name":"Тысяча чертей",
         "description":"Реально тысяча!",
         "seller":2,
         "weight":1000.0,
         "category":1,
         "manufacturer":"Боярский",
         "size":null,
         "rating":5.0,
         "price":49.0,
         "discount":0.0,
         "image":"goods/image_2021-03-15_10-55-12_YrMdcRh.png",
         "creation_date":"2021-04-16",
         "views_counter":0,
         "in_stock":0,
         "tags":[
            2,
            4
         ]
      }
   },
   {
      "model":"main.goods",
      "pk":25,
      "fields":{
         "name":"Влажные фантазии",
         "description":"Вовкины влажные фантазии про будущее",
         "seller":2,
         "weight":1.0,
         "category":1,
         "manufacturer":"Крокодил",
         "size":null,
         "rating":5.0,
         "price":5.0,
         "discount":0.0,
         "image":"goods/retro_future_ivan.jpg",
         "creation_date":"2021-04-16",
         "views_counter":0,
         "in_stock":0,
         "tags":[
            4
         ]
      }
   },
   {
      "model":"main.goods",
      "pk":30,
      "fields":{
         "name":"Жопа Артемия Лебедева",
         "description":"Долго. Дорого. На любителя",
         "seller":2,
         "weight":50.0,
         "category":1,
         "manufacturer":"Татьяна Лебедева",
         "size":"L",
         "rating":5.0,
         "price":100000.0,
         "discount":90.0,
         "image":"goods/Lebedev_xgTBHNv.jpg",
         "creation_date":"2021-04-17",
         "views_counter":0,
         "in_stock":0,
         "tags":[
            1,
            2
         ]
      }
   },
   {
      "model":"main.subscriptions",
      "pk":1,
      "fields":{
         "name":"New goods"
      }
   }
]